✔ [3765/3816] Built Mathlib.RingTheory.UniqueFactorizationDomain.ClassGroup (19s)
✔ [3769/3819] Built Mathlib.RingTheory.Ideal.MinimalPrime.Colon (19s)
✔ [3771/3820] Built Mathlib.LinearAlgebra.RootSystem.Finite.Nondegenerate (21s)
✔ [3772/3820] Built Mathlib.Algebra.Lie.Sl2 (22s)
✔ [3773/3821] Built Mathlib.Algebra.Lie.Weights.Linear (25s)
✔ [3775/3822] Built Mathlib.Algebra.Lie.Weights.Cartan (25s)
✔ [3776/3823] Built Mathlib.Algebra.Lie.LieTheorem (26s)
✔ [3777/3823] Built Mathlib.LinearAlgebra.PiTensorProduct.Basic (27s)
✔ [3778/3823] Built Mathlib.Algebra.Lie.CartanExists (28s)
✔ [3779/3823] Built Mathlib.RingTheory.Extension.Presentation.Basic (31s)
✔ [3780/3823] Built Mathlib.RingTheory.LocalRing.Module (31s)
✔ [3781/3825] Built Mathlib.RingTheory.Ideal.AssociatedPrime.Basic (16s)
✔ [3782/3825] Built Mathlib.RingTheory.UniqueFactorizationDomain.Finsupp (10s)
✔ [3783/3825] Built Mathlib.RingTheory.TensorProduct.IsBaseChangePi (14s)
✔ [3784/3825] Built Mathlib.RingTheory.DedekindDomain.Ideal.Lemmas (36s)
✔ [3785/3826] Built Mathlib.LinearAlgebra.RootSystem.Basic (19s)
✔ [3786/3827] Built Mathlib.Algebra.Lie.Semisimple.Lemmas (16s)
✔ [3787/3827] Built Mathlib.Algebra.Lie.Weights.Chain (18s)
✔ [3788/3827] Built Mathlib.RingTheory.LocalRing.Length (19s)
✔ [3789/3827] Built Mathlib.RingTheory.Finiteness.Quotient (14s)
✔ [3790/3827] Built Mathlib.Algebra.Lie.Basis.Basic (26s)
✔ [3791/3829] Built Mathlib.RingTheory.Ideal.AssociatedPrime.Finiteness (18s)
✔ [3792/3829] Built Mathlib.RingTheory.LocalRing.ResidueField.Fiber (37s)
✔ [3793/3829] Built Mathlib.LinearAlgebra.TensorPower.Basic (27s)
✔ [3794/3829] Built Mathlib.Algebra.Module.SpanRankOperations (23s)
✔ [3795/3829] Built Mathlib.Algebra.Lie.TraceForm (31s)
✔ [3796/3832] Built Mathlib.Algebra.Module.DedekindDomain (17s)
✔ [3797/3832] Built Mathlib.NumberTheory.RamificationInertia.Ramification (23s)
✔ [3798/3834] Built Mathlib.RingTheory.Artinian.Ring (14s)
✔ [3799/3834] Built Mathlib.RingTheory.FiniteStability (17s)
✔ [3800/3837] Built Mathlib.RingTheory.LocalRing.ResidueField.Instances (18s)
✔ [3801/3837] Built Mathlib.RingTheory.Noetherian.Nilpotent (14s)
✔ [3802/3837] Built Mathlib.LinearAlgebra.TensorPower.Pairing (14s)
✔ [3803/3837] Built Mathlib.RingTheory.Extension.Cotangent.Basic (40s)
✔ [3804/3837] Built Mathlib.Algebra.Lie.Killing (15s)
✔ [3805/3837] Built Mathlib.LinearAlgebra.RootSystem.Hom (34s)
✔ [3806/3837] Built Mathlib.RingTheory.Spectrum.Prime.FreeLocus (22s)
✔ [3807/3838] Built Mathlib.RingTheory.Spectrum.Prime.Noetherian (17s)
✔ [3808/3838] Built Mathlib.GroupTheory.Submonoid.Inverses (14s)
✔ [3809/3838] Built Mathlib.Algebra.Module.PID (20s)
✔ [3810/3842] Built Mathlib.Topology.JacobsonSpace (14s)
✔ [3811/3843] Built Mathlib.Algebra.Lie.Basis.Prod (33s)
✔ [3813/3845] Built Mathlib.RingTheory.Finiteness.NilpotentKer (18s)
✔ [3815/3845] Built Mathlib.LinearAlgebra.ExteriorPower.Pairing (17s)
✔ [3816/3847] Built Mathlib.Algebra.Module.Presentation.Differentials (18s)
✔ [3817/3847] Built Mathlib.Algebra.Lie.Derivation.Killing (18s)
✔ [3818/3847] Built Mathlib.LinearAlgebra.RootSystem.WeylGroup (16s)
✔ [3819/3847] Built Mathlib.FieldTheory.Minpoly.Finite (14s)
✔ [3820/3861] Built Mathlib.RingTheory.PicardGroup (42s)
✔ [3821/3863] Built Mathlib.RingTheory.Localization.InvSubmonoid (14s)
✔ [3822/3870] Built Mathlib.RingTheory.Spectrum.Prime.Jacobson (16s)
✔ [3823/3873] Built Mathlib.RingTheory.HopkinsLevitzki (18s)
✔ [3824/3873] Built Mathlib.RingTheory.AlgebraicIndependent.Defs (14s)
✔ [3825/3873] Built Mathlib.FieldTheory.PrimitiveElement (20s)
✔ [3826/3873] Built Mathlib.Algebra.Lie.CartanCriterion (29s)
✔ [3827/3873] Built Mathlib.LinearAlgebra.ExteriorPower.Basis (16s)
✔ [3828/3873] Built Mathlib.Combinatorics.Matroid.Basic (17s)
✔ [3829/3884] Built Mathlib.RingTheory.Ideal.IdempotentFG (13s)
✔ [3830/3884] Built Mathlib.RingTheory.Polynomial.SeparableDegree (15s)
✔ [3831/3887] Built Mathlib.LinearAlgebra.RootSystem.Irreducible (18s)
✔ [3832/3887] Built Mathlib.RingTheory.Algebraic.MvPolynomial (17s)
✔ [3834/3888] Built Mathlib.RingTheory.Jacobson.Artinian (15s)
✔ [3835/3888] Built Mathlib.FieldTheory.Normal.Basic (23s)
✔ [3837/3888] Built Mathlib.RingTheory.Localization.Away.AdjoinRoot (15s)
✔ [3838/3894] Built Mathlib.Algebra.Module.StablyFree.FreeOfInvertible (18s)
✔ [3854/3921] Built Mathlib.RingTheory.AlgebraicIndependent.Basic (19s)
✔ [3869/3939] Built Mathlib.Algebra.Lie.Weights.Killing (31s)
✔ [3900/3975] Built Mathlib.RingTheory.AlgebraicIndependent.Adjoin (19s)
✔ [4362/4416] Built Mathlib.Data.Finsupp.Encodable (14s)
✔ [4363/4416] Built Mathlib.Combinatorics.Matroid.IndepAxioms (22s)
✔ [4364/4416] Built Mathlib.LinearAlgebra.RootSystem.Finite.Lemmas (28s)
✔ [4365/4417] Built Mathlib.RingTheory.Kaehler.JacobiZariski (29s)
✔ [4366/4428] Built Mathlib.RingTheory.Int.Basic (17s)
✔ [4375/4432] Built Mathlib.FieldTheory.Normal.Closure (25s)
✔ [4376/4432] Built Mathlib.RingTheory.Unramified.Basic (24s)
✔ [4377/4432] Built Mathlib.LinearAlgebra.Quotient.Pi (15s)
✔ [4379/4433] Built Mathlib.RingTheory.ZMod (20s)
✔ [4380/4433] Built Mathlib.RingTheory.AlgebraicIndependent.Transcendental (24s)
✔ [4381/4433] Built Mathlib.LinearAlgebra.Countable (17s)
✔ [4382/4433] Built Mathlib.RingTheory.QuasiFinite.Basic (37s)
✔ [4383/4433] Built Mathlib.RingTheory.Smooth.Kaehler (45s)
✔ [4384/4433] Built Mathlib.Combinatorics.Matroid.Dual (15s)
✔ [4385/4435] Built Mathlib.Data.Set.SMulAntidiagonal (13s)
✔ [4386/4435] Built Mathlib.Algebra.MonoidAlgebra.Ideal (14s)
✔ [4390/4441] Built Mathlib.Algebra.Lie.Weights.RootSystem (34s)
✔ [4392/4441] Built Mathlib.FieldTheory.AlgebraicClosure (16s)
✔ [4393/4441] Built Mathlib.Algebra.MonoidAlgebra.ToDirectSum (14s)
✔ [4394/4441] Built Mathlib.Data.ZMod.QuotientRing (13s)
✔ [4395/4442] Built Mathlib.Algebra.MvPolynomial.Cardinal (13s)
✔ [4396/4442] Built Mathlib.RingTheory.Unramified.Finite (23s)
✔ [4397/4444] Built Mathlib.LinearAlgebra.RootSystem.Chain (28s)
✔ [4398/4444] Built Mathlib.Algebra.MvPolynomial.Counit (11s)
✔ [4399/4447] Built Mathlib.Algebra.MvPolynomial.Comap (13s)
✔ [4401/4447] Built Mathlib.Data.Finset.SMulAntidiagonal (14s)
✔ [4402/4447] Built Mathlib.Algebra.MvPolynomial.Coeff (13s)
✔ [4403/4447] Built Mathlib.Combinatorics.Matroid.Minor.Restrict (18s)
✔ [4404/4455] Built Mathlib.Algebra.MvPolynomial.Division (14s)
✔ [4406/4457] Built Mathlib.RingTheory.AlgebraicIndependent.AlgebraicClosure (17s)
✔ [4409/4460] Built Mathlib.Algebra.MvPolynomial.Invertible (12s)
✔ [4412/4463] Built Mathlib.RingTheory.Smooth.Basic (27s)
✔ [4413/4463] Built Mathlib.Algebra.MvPolynomial.Polynomial (14s)
✔ [4415/4463] Built Mathlib.LinearAlgebra.FreeModule.Finite.Quotient (19s)
✔ [4416/4463] Built Mathlib.Algebra.Lie.Weights.IsSimple (26s)
✔ [4417/4463] Built Mathlib.Algebra.MvPolynomial.Nilpotent (18s)
✔ [4418/4463] Built Mathlib.Algebra.Module.ZLattice.Basic (36s)
✔ [4419/4465] Built Mathlib.Combinatorics.Matroid.Constructions (14s)
✔ [4420/4465] Built Mathlib.Data.DFinsupp.WellFounded (15s)
✔ [4421/4465] Built Mathlib.Algebra.MonoidAlgebra.PointwiseSMul (19s)
✔ [4422/4465] Built Mathlib.LinearAlgebra.RootSystem.Base (26s)
✔ [4423/4469] Built Mathlib.Algebra.NonAssoc.LieAdmissible.Defs (14s)
✔ [4424/4472] Built Mathlib.Algebra.MvPolynomial.Funext (13s)
✔ [4425/4473] Built Mathlib.Algebra.Order.Antidiag.FinsuppEquiv (13s)
✔ [4427/4474] Built Mathlib.RingTheory.UniqueFactorizationDomain.Nat (10s)
✔ [4430/4479] Built Mathlib.LinearAlgebra.FreeModule.Finite.CardQuotient (17s)
✔ [4436/4483] Built Mathlib.RingTheory.Etale.Basic (21s)
✔ [4437/4483] Built Mathlib.Algebra.MvPolynomial.SchwartzZippel (26s)
✔ [4440/4484] Built Mathlib.Algebra.MvPolynomial.Expand (18s)
✔ [4441/4485] Built Mathlib.Combinatorics.Matroid.Map (15s)
✔ [4443/4486] Built Mathlib.Data.Finsupp.WellFounded (12s)
✔ [4445/4488] Built Mathlib.Data.Nat.Factorization.PrimePow (13s)
✔ [4449/4490] Built Mathlib.Analysis.BoxIntegral.UnitPartition (24s)
✔ [4451/4498] Built Mathlib.Algebra.Module.ZLattice.Summable (28s)
✔ [4458/4501] Built Mathlib.Algebra.Order.Field.GeomSum (13s)
✔ [4461/4502] Built Mathlib.Data.Nat.Squarefree (17s)
✔ [4463/4503] Built Mathlib.LinearAlgebra.RootSystem.BaseExists (23s)
✔ [4466/4510] Built Mathlib.LinearAlgebra.RootSystem.CartanMatrix (24s)
✔ [4472/4512] Built Mathlib.Data.Finsupp.MonomialOrder (14s)
✔ [4473/4512] Built Mathlib.Algebra.Order.Archimedean.Real.Hom (18s)
✔ [4477/4519] Built Mathlib.Algebra.Order.Chebyshev (17s)
✔ [4485/4527] Built Mathlib.Algebra.Order.GroupWithZero.Unbundled.Defs (3.7s)
✔ [4486/4530] Built Mathlib.Algebra.Order.Floor.Extended (15s)
✔ [4497/4540] Built Mathlib.Algebra.Order.Group.Cyclic (14s)
✔ [4499/4543] Built Mathlib.Algebra.Order.Group.Ideal (12s)
✔ [4501/4543] Built Mathlib.Combinatorics.Matroid.Closure (27s)
✔ [4503/4544] Built Mathlib.Data.Set.MulAntidiagonal (13s)
✔ [4504/4545] Built Mathlib.Data.Finsupp.MonomialOrder.DegLex (16s)
✔ [4505/4547] Built Mathlib.RingTheory.HahnSeries.Basic (14s)
✔ [4508/4548] Built Mathlib.Algebra.Module.ZLattice.Covolume (27s)
✔ [4509/4548] Built Mathlib.NumberTheory.ArithmeticFunction.Defs (20s)
✔ [4510/4548] Built Mathlib.Algebra.Order.Ring.IsNonarchimedean (15s)
✔ [4511/4550] Built Mathlib.Algebra.Order.Ring.Ordering.Defs (17s)
✔ [4512/4552] Built Mathlib.Algebra.Order.Ring.Archimedean (22s)
✔ [4526/4562] Built Mathlib.RingTheory.MvPolynomial.MonomialOrder (28s)
✔ [4527/4565] Built Mathlib.Combinatorics.Matroid.Circuit (18s)
✔ [4528/4566] Built Mathlib.Combinatorics.Matroid.Rank.Finite (15s)
✔ [4529/4567] Built Mathlib.Algebra.Order.Ring.Units (12s)
✔ [4530/4568] Built Mathlib.Data.Finset.MulAntidiagonal (14s)
✔ [4531/4569] Built Mathlib.Algebra.Lie.Basis.Base (32s)
✔ [4532/4569] Built Mathlib.RingTheory.Etale.Kaehler (50s)
✔ [4533/4570] Built Mathlib.RingTheory.HahnSeries.Addition (18s)
✔ [4534/4570] Built Mathlib.NumberTheory.ArithmeticFunction.Zeta (15s)
✔ [4535/4571] Built Mathlib.Algebra.Polynomial.Basis (11s)
✔ [4536/4571] Built Mathlib.RingTheory.MvPolynomial.MonomialOrder.DegLex (14s)
✔ [4537/4571] Built Mathlib.RingTheory.Derivation.DifferentialRing (15s)
✔ [4538/4571] Built Mathlib.Algebra.Polynomial.CoeffList (15s)
✔ [4539/4571] Built Mathlib.Algebra.Order.Ring.Ordering.Basic (18s)
✔ [4540/4573] Built Mathlib.Combinatorics.Matroid.Loop (17s)
✔ [4541/4575] Built Mathlib.Algebra.Polynomial.CoeffMem (16s)
✔ [4542/4575] Built Mathlib.Algebra.Polynomial.Degree.CardPowDegree (15s)
✔ [4544/4575] Built Mathlib.RingTheory.Valuation.ValuationSubring (28s)
✔ [4545/4576] Built Mathlib.Algebra.Lie.Basis (14s)
✔ [4546/4576] Built Mathlib.Algebra.Polynomial.Degree.IsMonicOfDegree (14s)
✔ [4547/4577] Built Mathlib.Algebra.Polynomial.DenomsClearable (12s)
✔ [4548/4578] Built Mathlib.Algebra.Polynomial.Eval.Irreducible (10s)
✔ [4549/4578] Built Mathlib.RingTheory.Unramified.Locus (17s)
✔ [4550/4580] Built Mathlib.Combinatorics.Matroid.Rank.ENat (14s)
✔ [4551/4582] Built Mathlib.Algebra.MvPolynomial.NoZeroDivisors (15s)
✔ [4553/4582] Built Mathlib.Algebra.Polynomial.Mirror (15s)
✔ [4554/4583] Built Mathlib.NumberTheory.ArithmeticFunction.Misc (17s)
✔ [4555/4583] Built Mathlib.Algebra.Polynomial.Module.FiniteDimensional (15s)
✔ [4556/4584] Built Mathlib.Algebra.Polynomial.Homogenize (16s)
✔ [4557/4585] Built Mathlib.RingTheory.Derivation.MapCoeffs (20s)
✔ [4558/4585] Built Mathlib.RingTheory.HahnSeries.Multiplication (29s)
✔ [4559/4585] Built Mathlib.Algebra.Polynomial.OfFn (13s)
✔ [4561/4588] Built Mathlib.Algebra.Polynomial.Module.TensorProduct (16s)
✔ [4562/4592] Built Mathlib.Algebra.Polynomial.PartialFractions (15s)
✔ [4564/4593] Built Mathlib.Combinatorics.Matroid.Rank.Cardinal (15s)
✔ [4566/4595] Built Mathlib.Algebra.Polynomial.Smeval (15s)
✔ [4573/4603] Built Mathlib.Algebra.Polynomial.SpecificDegree (15s)
✔ [4577/4605] Built Mathlib.Algebra.Order.Ring.StandardPart (29s)
✔ [4578/4607] Built Mathlib.Algebra.Order.Antidiag.Nat (18s)
✔ [4580/4608] Built Mathlib.Algebra.Polynomial.SumIteratedDerivative (17s)
✔ [4581/4612] Built Mathlib.Algebra.Polynomial.UnitTrinomial (14s)
✔ [4582/4617] Built Mathlib.Algebra.Polynomial.RuleOfSigns (21s)
✔ [4584/4618] Built Mathlib.Algebra.Ring.Subgroup (12s)
✔ [4586/4622] Built Mathlib.Algebra.QuaternionBasis (17s)
✔ [4590/4623] Built Mathlib.Algebra.Polynomial.Bivariate (21s)
✔ [4591/4624] Built Mathlib.Algebra.QuadraticAlgebra.Defs (22s)
✔ [4592/4624] Built Mathlib.RingTheory.HahnSeries.Lex (23s)
✔ [4593/4625] Built Mathlib.Algebra.Ring.Subring.IntPolynomial (14s)
✔ [4595/4628] Built Mathlib.Algebra.Ring.IsFormallyReal (19s)
✔ [4596/4628] Built Mathlib.Algebra.Star.Free (12s)
✔ [4599/4632] Built Mathlib.Algebra.Star.CHSH (17s)
✔ [4600/4632] Built Mathlib.Algebra.RingQuot (17s)
✔ [4601/4638] Built Mathlib.RingTheory.AlgebraicIndependent.TranscendenceBasis (23s)
✔ [4602/4638] Built Mathlib.Algebra.TrivSqZeroExt (12s)
✔ [4603/4646] Built Mathlib.Algebra.TrivSqZeroExt.Ideal (12s)
✔ [4604/4650] Built Mathlib.Algebra.Symmetrized (17s)
✔ [4605/4650] Built Mathlib.Algebra.SkewMonoidAlgebra.Basic (28s)
✔ [4606/4650] Built Mathlib.Algebra.Star.RingQuot (12s)
✔ [4607/4650] Built Mathlib.Algebra.Vertex.HVertexOperator (16s)
✔ [4608/4650] Built Mathlib.Topology.Sheaves.Limits (14s)
✔ [4609/4650] Built Mathlib.Algebra.Star.LinearMap (24s)
✔ [4610/4654] Built Mathlib.CategoryTheory.Sites.Pullback (14s)
✔ [4611/4654] Built Mathlib.Algebra.QuadraticAlgebra.Basic (25s)
✔ [4612/4654] Built Mathlib.Topology.Sheaves.PresheafOfFunctions (13s)
✔ [4613/4657] Built Mathlib.Geometry.RingedSpace.PresheafedSpace (24s)
✔ [4614/4657] Built Mathlib.CategoryTheory.Sites.JointlySurjective (14s)
✔ [4615/4657] Built Mathlib.CategoryTheory.Sites.MorphismProperty (13s)
✔ [4616/4657] Built Mathlib.Algebra.SkewMonoidAlgebra.Support (14s)
✔ [4617/4657] Built Mathlib.Algebra.Order.Module.HahnEmbedding (33s)
✔ [4618/4657] Built Mathlib.Algebra.SkewMonoidAlgebra.Single (15s)
✔ [4619/4658] Built Mathlib.Algebra.Vertex.VertexOperator (14s)
✔ [4620/4660] Built Mathlib.Algebra.SkewMonoidAlgebra.Lift (16s)
✔ [4621/4660] Built Mathlib.FieldTheory.SeparableDegree (31s)
✔ [4622/4661] Built Mathlib.Topology.Sheaves.Functors (16s)
✔ [4623/4667] Built Mathlib.CategoryTheory.Comma.Over.OverClass (14s)
✔ [4624/4669] Built Mathlib.Topology.Sheaves.SheafOfFunctions (11s)
✔ [4625/4673] Built Mathlib.Algebra.QuadraticAlgebra.NormDeterminant (15s)
✔ [4626/4673] Built Mathlib.Logic.Function.Coequalizer (3.5s)
✔ [4627/4673] Built Mathlib.Algebra.QuadraticAlgebra.Discr (16s)
✔ [4628/4677] Built Mathlib.Geometry.RingedSpace.Stalks (15s)
✔ [4629/4677] Built Mathlib.Topology.Category.TopCommRingCat (13s)
✔ [4630/4677] Built Mathlib.CategoryTheory.LocallyDirected (13s)
✔ [4631/4680] Built Mathlib.CategoryTheory.Limits.Shapes.Pullback.Equalizer (14s)
✔ [4632/4680] Built Mathlib.Algebra.SkewPolynomial.Basic (17s)
✔ [4633/4680] Built Mathlib.Topology.Sheaves.LocalPredicate (15s)
✔ [4634/4686] Built Mathlib.CategoryTheory.Limits.Types.Coequalizers (13s)
✔ [4635/4686] Built Mathlib.CategoryTheory.Limits.Constructions.ZeroObjects (13s)
✔ [4636/4688] Built Mathlib.Geometry.RingedSpace.PresheafedSpace.HasColimits (26s)
✔ [4637/4688] Built Mathlib.CategoryTheory.GlueData (20s)
✔ [4638/4688] Built Mathlib.RingTheory.Localization.Away.Lemmas (15s)
✔ [4639/4689] Built Mathlib.RingTheory.RingHom.EssFiniteType (15s)
✔ [4640/4695] Built Mathlib.CategoryTheory.MorphismProperty.Local (13s)
✔ [4642/4695] Built Mathlib.FieldTheory.SeparableClosure (28s)
✔ [4643/4698] Built Mathlib.CategoryTheory.Monoidal.Cartesian.Over (25s)
✔ [4644/4698] Built Mathlib.RingTheory.Finiteness.FiniteTypeLocal (15s)
✔ [4645/4698] Built Mathlib.RingTheory.LocalProperties.Reduced (14s)
✔ [4646/4727] Built Mathlib.RingTheory.Ideal.Height (16s)
✔ [4647/4727] Built Mathlib.Topology.Sheaves.CommRingCat (25s)
✔ [4648/4728] Built Mathlib.Geometry.RingedSpace.SheafedSpace (16s)
✔ [4649/4731] Built Mathlib.Topology.Gluing (17s)
✔ [4650/4732] Built Mathlib.RingTheory.Spectrum.Prime.ConstructibleSet (19s)
✔ [4651/4735] Built Mathlib.RingTheory.RingHom.Surjective (16s)
✔ [4652/4735] Built Mathlib.RingTheory.Spectrum.Prime.Polynomial (20s)
✔ [4653/4735] Built Mathlib.RingTheory.RingHom.FiniteType (15s)
✔ [4654/4750] Built Mathlib.Geometry.RingedSpace.Basic (16s)
✔ [4655/4751] Built Mathlib.RingTheory.RingHom.Finite (17s)
✔ [4656/4754] Built Mathlib.CategoryTheory.Limits.Shapes.Pullback.Connected (14s)
✔ [4657/4758] Built Mathlib.RingTheory.RingHom.Integral (18s)
✔ [4658/4763] Built Mathlib.RingTheory.RingHom.Locally (31s)
✔ [4659/4763] Built Mathlib.RingTheory.Finiteness.FinitePresentationLocal (26s)
✔ [4660/4763] Built Mathlib.CategoryTheory.Limits.Types.ColimitTypeFiltered (12s)
✔ [4661/4763] Built Mathlib.FieldTheory.Galois.Basic (28s)
✔ [4662/4766] Built Mathlib.Topology.LocallyFinsupp (20s)
✔ [4663/4774] Built Mathlib.Topology.Category.TopCat.EffectiveEpi (13s)
✔ [4666/4774] Built Mathlib.CategoryTheory.EffectiveEpi.Comp (13s)
✔ [4667/4774] Built Mathlib.Topology.Sets.CompactOpenCovered (18s)
✔ [4668/4775] Built Mathlib.Tactic.Ring.NamePolyVars (14s)
✔ [4669/4775] Built Mathlib.LinearAlgebra.FreeModule.IdealQuotient (17s)
✔ [4670/4775] Built Mathlib.AlgebraicGeometry.EllipticCurve.Weierstrass (18s)
✔ [4671/4779] Built Mathlib.RingTheory.RingHom.FinitePresentation (18s)
✔ [4672/4782] Built Mathlib.FieldTheory.IsSepClosed (18s)
✔ [4673/4782] Built Mathlib.Geometry.RingedSpace.LocallyRingedSpace (23s)
✔ [4674/4784] Built Mathlib.Data.Int.WithZero (12s)
✔ [4675/4784] Built Mathlib.Topology.LocallyFinsupp.Pushforward (13s)
✔ [4676/4784] Built Mathlib.RingTheory.Valuation.ExtendToLocalization (14s)
✔ [4677/4784] Built Mathlib.AlgebraicGeometry.StructureSheaf (64s)
✔ [4678/4785] Built Mathlib.CategoryTheory.EffectiveEpi.Preserves (15s)
✔ [4679/4785] Built Mathlib.LinearAlgebra.BilinearForm.DualLattice (17s)
✔ [4680/4791] Built Mathlib.LinearAlgebra.FreeModule.Norm (17s)
✔ [4681/4791] Built Mathlib.RingTheory.Polynomial.GaussLemma (16s)
✔ [4683/4792] Built Mathlib.AlgebraicGeometry.EllipticCurve.VariableChange (20s)
✔ [4684/4795] Built Mathlib.LinearAlgebra.Matrix.Charpoly.Minpoly (16s)
✔ [4685/4795] Built Mathlib.RingTheory.Spectrum.Prime.ChevalleyComplexity (47s)
✔ [4686/4795] Built Mathlib.RingTheory.Trace.Defs (16s)
✔ [4688/4800] Built Mathlib.Geometry.RingedSpace.LocallyRingedSpace.ResidueField (16s)
✔ [4689/4804] Built Mathlib.RingTheory.Ideal.Quotient.HasFiniteQuotients.Basic (16s)
✔ [4691/4804] Built Mathlib.FieldTheory.PurelyInseparable.Basic (23s)
✔ [4692/4804] Built Mathlib.Topology.Algebra.WithZeroTopology (14s)
✔ [4693/4805] Built Mathlib.Topology.Algebra.OpenSubgroup (20s)
✔ [4694/4807] Built Mathlib.FieldTheory.Minpoly.IsIntegrallyClosed (19s)
✔ [4695/4807] Built Mathlib.AlgebraicGeometry.EllipticCurve.Affine.Basic (18s)
✔ [4696/4807] Built Mathlib.RingTheory.Ideal.Oka (15s)
✔ [4697/4807] Built Mathlib.Order.Northcott (13s)
✔ [4699/4807] Built Mathlib.RingTheory.Spectrum.Prime.Chevalley (19s)
✔ [4700/4807] Built Mathlib.AlgebraicGeometry.EllipticCurve.NormalForms (22s)
✔ [4701/4808] Built Mathlib.AlgebraicGeometry.Spec (31s)
✔ [4702/4808] Built Mathlib.RingTheory.Valuation.ValuativeRel.Basic (31s)
✔ [4703/4808] Built Mathlib.Topology.Algebra.Nonarchimedean.Basic (14s)
✔ [4704/4812] Built Mathlib.RingTheory.RingHom.PurelyInseparable (16s)
✔ [4706/4812] Built Mathlib.GroupTheory.ArchimedeanDensely (27s)
✔ [4708/4818] Built Mathlib.RingTheory.Unramified.Field (18s)
✔ [4709/4818] Built Mathlib.FieldTheory.Minpoly.MinpolyDiv (17s)
✔ [4710/4818] Built Mathlib.RingTheory.PrincipalIdealDomainOfPrime (15s)
✔ [4711/4819] Built Mathlib.Geometry.RingedSpace.OpenImmersion (47s)
✔ [4712/4821] Built Mathlib.RingTheory.MvPowerSeries.Basic (23s)
✔ [4713/4822] Built Mathlib.AlgebraicGeometry.EllipticCurve.IsomOfJ (20s)
✔ [4714/4825] Built Mathlib.AlgebraicGeometry.EllipticCurve.Affine.Formula (25s)
✔ [4715/4825] Built Mathlib.Topology.Instances.ENat (15s)
✔ [4716/4825] Built Mathlib.Topology.Algebra.Nonarchimedean.Bases (16s)
✔ [4717/4825] Built Mathlib.AlgebraicGeometry.EllipticCurve.Jacobian.Basic (27s)
✔ [4718/4825] Built Mathlib.Topology.Algebra.LinearTopology (17s)
✔ [4719/4826] Built Mathlib.Geometry.RingedSpace.LocallyRingedSpace.HasColimits (22s)
✔ [4720/4831] Built Mathlib.RingTheory.MvPowerSeries.Order (18s)
✔ [4722/4831] Built Mathlib.RingTheory.Valuation.Discrete.Basic (24s)
✔ [4725/4831] Built Mathlib.RingTheory.Unramified.LocalRing (25s)
✔ [4726/4831] Built Mathlib.AlgebraicGeometry.Scheme (36s)
✔ [4727/4831] Built Mathlib.RingTheory.Trace.Basic (26s)
✔ [4728/4831] Built Mathlib.RingTheory.PowerSeries.Basic (20s)
✔ [4729/4831] Built Mathlib.Tactic.Ring.NamePowerVars (15s)
✔ [4730/4831] Built Mathlib.Topology.Algebra.TopologicallyNilpotent (15s)
✔ [4731/4831] Built Mathlib.Analysis.Complex.Cardinality (12s)
✔ [4732/4831] Built Mathlib.Topology.Algebra.Valued.ValuationTopology (27s)
✔ [4733/4831] Built Mathlib.RingTheory.MvPowerSeries.Trunc (18s)
✔ [4734/4831] Built Mathlib.AlgebraicGeometry.EllipticCurve.Affine.Point (32s)
✔ [4735/4831] Built Mathlib.RingTheory.PowerSeries.Trunc (16s)
✔ [4736/4834] Built Mathlib.RingTheory.DedekindDomain.IntegralClosure (17s)
✔ [4737/4835] Built Mathlib.AlgebraicGeometry.Over (18s)
✔ [4738/4835] Built Mathlib.AlgebraicGeometry.EllipticCurve.Jacobian.Formula (35s)
✔ [4741/4845] Built Mathlib.RingTheory.PowerSeries.Order (17s)
✔ [4861/4956] Built Mathlib.RingTheory.RamificationInertia.Ramification (27s)
✔ [4863/4962] Built Mathlib.LinearAlgebra.Complex.FiniteDimensional (15s)
✔ [4865/4962] Built Mathlib.AlgebraicGeometry.OpenImmersion (32s)
✔ [4869/4962] Built Mathlib.RingTheory.MvPowerSeries.PiTopology (16s)
✔ [4871/4962] Built Mathlib.Topology.Algebra.ValuativeRel.ValuativeTopology (20s)
✔ [4872/4962] Built Mathlib.Geometry.RingedSpace.PresheafedSpace.Gluing (36s)
✔ [4873/4966] Built Mathlib.AlgebraicGeometry.EllipticCurve.DivisionPolynomial.Basic (21s)
✔ [4875/4967] Built Mathlib.NumberTheory.NumberField.Basic (24s)
✔ [4877/4967] Built Mathlib.AlgebraicGeometry.EllipticCurve.Jacobian.Point (22s)
✔ [4878/4967] Built Mathlib.FieldTheory.PolynomialGaloisGroup (21s)
✔ [4879/4970] Built Mathlib.NumberTheory.LSeries.Basic (20s)
✔ [4880/4973] Built Mathlib.RingTheory.MvPowerSeries.LinearTopology (15s)
✔ [4881/4974] Built Mathlib.RingTheory.MvPowerSeries.Evaluation (18s)
✔ [4882/4974] Built Mathlib.RingTheory.PowerSeries.PiTopology (18s)
✔ [4883/4975] Built Mathlib.AlgebraicGeometry.Sites.MorphismProperty (21s)
✔ [4884/4975] Built Mathlib.AlgebraicGeometry.EllipticCurve.Affine.AddSubMap (38s)
✔ [4885/4979] Built Mathlib.AlgebraicGeometry.EllipticCurve.DivisionPolynomial.Degree (19s)
✔ [4886/4979] Built Mathlib.Topology.Algebra.Valued.ValuedField (44s)
✔ [4887/4979] Built Mathlib.RingTheory.Valuation.Archimedean (18s)
✔ [4888/4979] Built Mathlib.RingTheory.DedekindDomain.Factorization (35s)
✔ [4889/4979] Built Mathlib.Data.ZMod.ValMinAbs (14s)
✔ [4890/4979] Built Mathlib.Topology.MetricSpace.Ultra.Basic (16s)
✔ [4891/4982] Built Mathlib.RingTheory.Ideal.Basis (12s)
✔ [4892/4985] Built Mathlib.RingTheory.Valuation.RankOne (21s)
✔ [4893/4985] Built Mathlib.LinearAlgebra.FreeModule.Determinant (14s)
✔ [4894/4986] Built Mathlib.Analysis.Complex.Polynomial.Basic (22s)
✔ [4895/4986] Built Mathlib.RingTheory.PowerSeries.Evaluation (16s)
✔ [4896/4987] Built Mathlib.RingTheory.UniqueFactorizationDomain.Multiplicative (12s)
✔ [4897/4988] Built Mathlib.RingTheory.MvPowerSeries.Substitution (23s)
✔ [4898/4988] Built Mathlib.RingTheory.Norm.Basic (16s)
✔ [4899/4989] Built Mathlib.AlgebraicGeometry.Cover.MorphismProperty (18s)
✔ [4900/4990] Built Mathlib.RingTheory.MvPowerSeries.LexOrder (13s)
✔ [4901/4995] Built Mathlib.RingTheory.PowerSeries.NoZeroDivisors (14s)
✔ [4902/4995] Built Mathlib.FieldTheory.Finite.Basic (19s)
✔ [4903/4995] Built Mathlib.RingTheory.Valuation.Discrete.RankOne (19s)
✔ [4904/4995] Built Mathlib.Algebra.Module.Torsion.PrimaryComponent (23s)
✔ [4905/4999] Built Mathlib.Analysis.Normed.Group.Ultra (20s)
✔ [4906/4999] Built Mathlib.AlgebraicGeometry.EllipticCurve.ModelsWithJ (16s)
✔ [4907/5001] Built Mathlib.Topology.Algebra.Valued.WithVal (29s)
✔ [4908/5002] Built Mathlib.NumberTheory.NumberField.InfinitePlace.Embeddings (19s)
✔ [4909/5002] Built Mathlib.RingTheory.MvPowerSeries.NoZeroDivisors (14s)
✔ [4910/5002] Built Mathlib.CategoryTheory.Limits.Types.Multiequalizer (11s)
✔ [4911/5006] Built Mathlib.CategoryTheory.Sites.Preserves (12s)
✔ [4912/5007] Built Mathlib.AlgebraicGeometry.EllipticCurve.Projective.Basic (22s)
✔ [4913/5007] Built Mathlib.Topology.Category.TopCat.ULift (13s)
✔ [4914/5008] Built Mathlib.AlgebraicGeometry.Cover.Open (25s)
✔ [4915/5008] Built Mathlib.RingTheory.PowerSeries.Substitution (26s)
✔ [4916/5010] Built Mathlib.RingTheory.Ideal.Norm.AbsNorm (20s)
✔ [4917/5010] Built Mathlib.RingTheory.Smooth.Locus (17s)
✔ [4918/5010] Built Mathlib.Topology.Algebra.Valued.NormedValued (20s)
✔ [4919/5010] Built Mathlib.CategoryTheory.Sites.Hypercover.SheafOfTypes (12s)
✔ [4920/5010] Built Mathlib.RingTheory.RingHom.Unramified (16s)
✔ [4921/5010] Built Mathlib.RingTheory.MvPowerSeries.Inverse (16s)
✔ [4922/5010] Built Mathlib.RingTheory.Smooth.Pi (18s)
✔ [4923/5010] Built Mathlib.RingTheory.Unramified.Pi (16s)
✔ [4924/5010] Built Mathlib.Topology.Category.TopCat.GrothendieckTopology (14s)
✔ [4925/5015] Built Mathlib.RingTheory.Etale.Locus (15s)
✔ [4926/5016] Built Mathlib.RingTheory.Smooth.Local (18s)
✔ [4927/5018] Built Mathlib.NumberTheory.ArithmeticFunction.LFunction (19s)
✔ [4928/5021] Built Mathlib.RingTheory.RingHom.Smooth (16s)
✔ [4929/5030] Built Mathlib.RingTheory.RamificationInertia.Inertia (22s)
✔ [4930/5040] Built Mathlib.CategoryTheory.Sites.CoproductSheafCondition (15s)
✔ [4931/5043] Built Mathlib.RingTheory.DedekindDomain.AdicValuation (41s)
✔ [4932/5043] Built Mathlib.RingTheory.Etale.Pi (16s)
✔ [4933/5043] Built Mathlib.RingTheory.PowerSeries.Inverse (19s)
✔ [4934/5043] Built Mathlib.RingTheory.Kaehler.TensorProduct (32s)
✔ [4935/5045] Built Mathlib.AlgebraicGeometry.Restrict (30s)
✔ [4936/5045] Built Mathlib.LinearAlgebra.SModEq.Pointwise (12s)
✔ [4937/5045] Built Mathlib.LinearAlgebra.Basis.Exact (12s)
✔ [4938/5047] Built Mathlib.CategoryTheory.MorphismProperty.Descent (14s)
✔ [4939/5047] Built Mathlib.RingTheory.Extension.Presentation.Submersive (19s)
✔ [4940/5047] Built Mathlib.RingTheory.RingHom.Injective (13s)
✔ [4941/5049] Built Mathlib.FieldTheory.SeparablyGenerated (19s)
✔ [4942/5049] Built Mathlib.NumberTheory.RamificationInertia.Valuation (18s)
✔ [4943/5049] Built Mathlib.RingTheory.Valuation.Discrete.IsDiscreteValuationRing (17s)
✔ [4944/5049] Built Mathlib.RingTheory.AdicCompletion.Algebra (27s)
✔ [4945/5049] Built Mathlib.RingTheory.RingHom.OpenImmersion (15s)
✔ [4946/5051] Built Mathlib.AlgebraicGeometry.EllipticCurve.Projective.Formula (57s)
✔ [4947/5051] Built Mathlib.RingTheory.Etale.Field (22s)
✔ [4948/5051] Built Mathlib.RingTheory.Algebraic.StronglyTranscendental (18s)
✔ [4949/5051] Built Mathlib.RingTheory.Extension.Cotangent.Free (15s)
✔ [4950/5051] Built Mathlib.RingTheory.Smooth.StandardSmooth (15s)
✔ [4951/5051] Built Mathlib.RingTheory.Conductor (19s)
✔ [4952/5051] Built Mathlib.AlgebraicGeometry.Gluing (31s)
✔ [4953/5051] Built Mathlib.RingTheory.IntegralClosure.Algebra.Ideal (16s)
✔ [4954/5051] Built Mathlib.RingTheory.Flat.FaithfullyFlat.Descent (18s)
✔ [4955/5051] Built Mathlib.AlgebraicGeometry.GammaSpecAdjunction (39s)
✔ [4956/5051] Built Mathlib.RingTheory.Extension.Presentation.Core (26s)
✔ [4957/5056] Built Mathlib.AlgebraicGeometry.EllipticCurve.Reduction (23s)
✔ [4958/5060] Built Mathlib.RingTheory.Smooth.AdicCompletion (19s)
✔ [4959/5060] Built Mathlib.RingTheory.IntegralClosure.IsIntegral.AlmostIntegral (18s)
✔ [4960/5060] Built Mathlib.AlgebraicGeometry.EllipticCurve.Projective.Point (19s)
✔ [4961/5061] Built Mathlib.RingTheory.RingHom.QuasiFinite (21s)
✔ [4962/5065] Built Mathlib.NumberTheory.NumberField.Completion.FinitePlace (29s)
✔ [4963/5071] Built Mathlib.RingTheory.Smooth.Field (19s)
✔ [4964/5071] Built Mathlib.RingTheory.AdicCompletion.Functoriality (33s)
✔ [4965/5073] Built Mathlib.RingTheory.Smooth.StandardSmoothCotangent (21s)
✔ [4966/5073] Built Mathlib.RingTheory.IntegralClosure.GoingDown (18s)
✔ [4967/5073] Built Mathlib.FieldTheory.RatFunc.Defs (15s)
✔ [4968/5073] Built Mathlib.RingTheory.Valuation.IsTrivialOn (15s)
✔ [4969/5076] Built Mathlib.RingTheory.Smooth.Fiber (30s)
✔ [4970/5077] Built Mathlib.AlgebraicGeometry.EllipticCurve.LFunction (19s)
✔ [4971/5083] Built Mathlib.RingTheory.Ideal.Quotient.Over (13s)
✔ [4972/5084] Built Mathlib.RingTheory.Polynomial.DegreeLT (17s)
✔ [4973/5085] Built Mathlib.RingTheory.QuasiFinite.Weakly (25s)
✔ [4974/5102] Built Mathlib.RingTheory.Polynomial.IsIntegral (29s)
✔ [4975/5102] Built Mathlib.CategoryTheory.Monoidal.Cartesian.CommMon_ (12s)
✔ [4982/5104] Built Mathlib.RingTheory.Etale.StandardEtale (30s)
✔ [4985/5106] Built Mathlib.RingTheory.AdicCompletion.Exactness (23s)
✔ [4986/5106] Built Mathlib.AlgebraicGeometry.AffineScheme (38s)
✔ [4987/5107] Built Mathlib.RingTheory.Extension.Cotangent.LocalizationAway (23s)
✔ [4988/5107] Built Mathlib.RingTheory.Finiteness.Descent (17s)
✔ [4989/5108] Built Mathlib.RingTheory.Ideal.CotangentBaseChange (19s)
✔ [4990/5108] Built Mathlib.CategoryTheory.Monoidal.Cartesian.Grp (30s)
✔ [4991/5108] Built Mathlib.AlgebraicGeometry.Modules.Presheaf (17s)
✔ [4992/5108] Built Mathlib.CategoryTheory.Abelian.GrothendieckAxioms.PresheafOfModules (15s)
✔ [4993/5109] Built Mathlib.Topology.Sheaves.Over (18s)
✔ [4994/5112] Built Mathlib.RingTheory.Finiteness.ModuleFinitePresentation (17s)
✔ [4995/5113] Built Mathlib.RingTheory.Polynomial.Resultant.Basic (30s)
✔ [4996/5113] Built Mathlib.CategoryTheory.Bicategory.Adjunction.Mate (25s)
✔ [4997/5114] Built Mathlib.RingTheory.AdicCompletion.AsTensorProduct (25s)
✔ [4998/5115] Built Mathlib.FieldTheory.RatFunc.Basic (44s)
✔ [4999/5115] Built Mathlib.RingTheory.Flat.Rank (23s)
✔ [5000/5122] Built Mathlib.CategoryTheory.Monoidal.Cartesian.CommGrp_ (16s)
✔ [5002/5122] Built Mathlib.CategoryTheory.Abelian.GrothendieckAxioms.SheafOfModules (17s)
✔ [5003/5129] Built Mathlib.Topology.Sheaves.Module (15s)
✔ [5004/5130] Built Mathlib.RingTheory.KrullDimension.NonZeroDivisors (15s)
✔ [5005/5130] Built Mathlib.RingTheory.Extension.Cotangent.BaseChange (29s)
✔ [5006/5130] Built Mathlib.RingTheory.GradedAlgebra.FiniteType (15s)
✔ [5007/5131] Built Mathlib.CategoryTheory.Bicategory.Adjunction.Adj (17s)
✔ [5008/5133] Built Mathlib.AlgebraicGeometry.ProjectiveSpectrum.Topology (17s)
✔ [5009/5134] Built Mathlib.RingTheory.GradedAlgebra.Radical (18s)
✔ [5010/5137] Built Mathlib.RingTheory.Valuation.Integral (14s)
✔ [5011/5138] Built Mathlib.AlgebraicGeometry.Pullbacks (42s)
✔ [5012/5138] Built Mathlib.RingTheory.GradedAlgebra.RingHom (18s)
✔ [5013/5138] Built Mathlib.FieldTheory.RatFunc.AsPolynomial (23s)
✔ [5014/5140] Built Mathlib.RingTheory.Extension.Cotangent.Basis (42s)
✔ [5015/5140] Built Mathlib.RingTheory.LocalRing.LocalSubring (21s)
✔ [5016/5140] Built Mathlib.AlgebraicGeometry.RationalMap (13s)
✔ [5017/5140] Built Mathlib.CategoryTheory.Bicategory.Adjunction.Cat (14s)
✔ [5018/5140] Built Mathlib.RingTheory.OrderOfVanishing.Basic (18s)
✔ [5019/5144] Built Mathlib.CategoryTheory.Limits.Elements (14s)
✔ [5020/5144] Built Mathlib.CategoryTheory.Abelian.GrothendieckAxioms.Types (12s)
✔ [5021/5144] Built Mathlib.CategoryTheory.Abelian.GrothendieckAxioms.FunctorCategory (12s)
✔ [5022/5144] Built Mathlib.RingTheory.GradedAlgebra.Homogeneous.Maps (14s)
✔ [5023/5150] Built Mathlib.CategoryTheory.Sites.DenseSubsite.OneHypercoverDense (23s)
✔ [5024/5150] Built Mathlib.CategoryTheory.Generator.Presheaf (12s)
✔ [5025/5150] Built Mathlib.RingTheory.Smooth.StandardSmoothOfFree (18s)
✔ [5026/5150] Built Mathlib.CategoryTheory.Sites.ConstantSheaf (14s)
✔ [5027/5152] Built Mathlib.RingTheory.OrderOfVanishing.Noetherian (18s)
✔ [5028/5152] Built Mathlib.RingTheory.Valuation.LocalSubring (20s)
✔ [5029/5153] Built Mathlib.CategoryTheory.Sites.Hypercover.ZeroFamily (12s)
✔ [5030/5155] Built Mathlib.RingTheory.Polynomial.UniversalFactorizationRing (61s)
✔ [5031/5155] Built Mathlib.AlgebraicGeometry.Limits (33s)
✔ [5032/5155] Built Mathlib.RingTheory.LocalRing.ResidueField.Polynomial (29s)
✔ [5033/5155] Built Mathlib.CategoryTheory.Sites.EffectiveEpimorphic (15s)
✔ [5034/5156] Built Mathlib.CategoryTheory.Sites.Point.Basic (21s)
✔ [5035/5156] Built Mathlib.CategoryTheory.Generator.Sheaf (12s)
✔ [5036/5156] Built Mathlib.RingTheory.GradedAlgebra.HomogeneousLocalization (38s)
✔ [5037/5159] Built Mathlib.CategoryTheory.Sites.Abelian (13s)
✔ [5038/5159] Built Mathlib.CategoryTheory.MorphismProperty.CommaSites (14s)
✔ [5039/5166] Built Mathlib.CategoryTheory.Comma.Over.StrictInitial (15s)
✔ [5046/5171] Built Mathlib.CategoryTheory.Sites.SubcanonicalOver (14s)
✔ [5047/5172] Built Mathlib.CategoryTheory.Sites.Subcanonical (20s)
✔ [5048/5177] Built Mathlib.CategoryTheory.Abelian.CommSq (14s)
✔ [5051/5177] Built Mathlib.AlgebraicGeometry.Properties (21s)
✔ [5052/5178] Built Mathlib.AlgebraicGeometry.Morphisms.Basic (19s)
✔ [5053/5179] Built Mathlib.RingTheory.QuasiFinite.Polynomial (19s)
✔ [5054/5179] Built Mathlib.CategoryTheory.Abelian.GrothendieckAxioms.Sheaf (14s)
✔ [5055/5179] Built Mathlib.CategoryTheory.Limits.Shapes.Preorder.Basic (11s)
✔ [5056/5182] Built Mathlib.RingTheory.Smooth.NoetherianDescent (32s)
✔ [5057/5182] Built Mathlib.CategoryTheory.Abelian.GrothendieckAxioms.Colim (14s)
✔ [5058/5182] Built Mathlib.CategoryTheory.Limits.Shapes.Preorder.WellOrderContinuous (16s)
✔ [5059/5184] Built Mathlib.Order.Interval.Set.Final (10s)
✔ [5060/5185] Built Mathlib.AlgebraicTopology.RelativeCellComplex.AttachCells (12s)
✔ [5062/5188] Built Mathlib.CategoryTheory.Limits.Shapes.Preorder.HasIterationOfShape (10s)
✔ [5064/5191] Built Mathlib.AlgebraicGeometry.ProjectiveSpectrum.StructureSheaf (31s)
✔ [5065/5191] Built Mathlib.AlgebraicGeometry.FunctionField (16s)
✔ [5066/5193] Built Mathlib.AlgebraicGeometry.Cover.Sigma (16s)
✔ [5067/5193] Built Mathlib.AlgebraicGeometry.Morphisms.LocalClosure (16s)
✔ [5068/5193] Built Mathlib.RingTheory.Smooth.Flat (16s)
✔ [5069/5193] Built Mathlib.AlgebraicGeometry.LimitsOver (20s)
✔ [5070/5193] Built Mathlib.AlgebraicGeometry.Morphisms.Constructors (20s)
✔ [5071/5193] Built Mathlib.CategoryTheory.Abelian.GrothendieckCategory.Subobject (15s)
✔ [5072/5198] Built Mathlib.CategoryTheory.Limits.Preserves.Shapes.Preorder (13s)
✔ [5073/5198] Built Mathlib.CategoryTheory.SmallObject.Construction (18s)
✔ [5074/5198] Built Mathlib.CategoryTheory.Subobject.HasCardinalLT (12s)
✔ [5075/5199] Built Mathlib.CategoryTheory.SmallObject.Iteration.Basic (19s)
✔ [5076/5199] Built Mathlib.AlgebraicGeometry.Morphisms.LocalIso (16s)
✔ [5077/5199] Built Mathlib.CategoryTheory.Adjunction.Additive (14s)
✔ [5078/5200] Built Mathlib.RingTheory.RingHom.Etale (16s)
✔ [5079/5201] Built Mathlib.AlgebraicGeometry.Morphisms.UnderlyingMap (19s)
✔ [5080/5201] Built Mathlib.CategoryTheory.Limits.Shapes.Preorder.TransfiniteCompositionOfShape (18s)
✔ [5081/5201] Built Mathlib.CategoryTheory.Abelian.GrothendieckCategory.ColimCoyoneda (20s)
✔ [5082/5201] Built Mathlib.NumberTheory.Padics.PadicVal.Basic (16s)
✔ [5083/5201] Built Mathlib.AlgebraicGeometry.Morphisms.RingHomProperties (28s)
✔ [5084/5201] Built Mathlib.CategoryTheory.SmallObject.Iteration.ExtendToSucc (18s)
✔ [5085/5201] Built Mathlib.CategoryTheory.SmallObject.Iteration.FunctorOfCocone (18s)
✔ [5086/5201] Built Mathlib.AlgebraicGeometry.Modules.Sheaf (100s)
✔ [5087/5203] Built Mathlib.CategoryTheory.Functor.TypeValuedFlat (19s)
✔ [5088/5203] Built Mathlib.RingTheory.Etale.Descent (15s)
✔ [5089/5206] Built Mathlib.AlgebraicGeometry.ProjectiveSpectrum.Scheme (48s)
✔ [5090/5206] Built Mathlib.CategoryTheory.Sites.Point.Category (17s)
✔ [5091/5206] Built Mathlib.RingTheory.RingHom.StandardSmooth (23s)
✔ [5092/5206] Built Mathlib.NumberTheory.Padics.PadicNorm (15s)
✔ [5093/5206] Built Mathlib.AlgebraicGeometry.Morphisms.OpenImmersion (20s)
✔ [5094/5206] Built Mathlib.CategoryTheory.MorphismProperty.TransfiniteComposition (18s)
✔ [5095/5208] Built Mathlib.AlgebraicGeometry.Cover.Over (26s)
✔ [5096/5208] Built Mathlib.RingTheory.ZariskisMainTheorem (71s)
✔ [5097/5208] Built Mathlib.AlgebraicGeometry.Morphisms.QuasiCompact (22s)
✔ [5098/5209] Built Mathlib.CategoryTheory.Sites.Point.Skyscraper (24s)
✔ [5099/5209] Built Mathlib.CategoryTheory.SmallObject.Iteration.Nonempty (16s)
✔ [5100/5209] Built Mathlib.CategoryTheory.Limits.EpiMono (11s)
✔ [5101/5209] Built Mathlib.AlgebraicGeometry.Morphisms.FiniteType (19s)
✔ [5102/5209] Built Mathlib.AlgebraicGeometry.Morphisms.SurjectiveOnStalks (26s)
✔ [5103/5209] Built Mathlib.CategoryTheory.Types.Epimorphisms (11s)
✔ [5104/5209] Built Mathlib.RingTheory.RingHom.LocallyStandardSmooth (16s)
✔ [5105/5209] Built Mathlib.AlgebraicTopology.RelativeCellComplex.Basic (13s)
✔ [5106/5209] Built Mathlib.AlgebraicGeometry.Morphisms.IsIso (16s)
✔ [5108/5209] Built Mathlib.NumberTheory.Padics.PadicNumbers (21s)
✔ [5109/5209] Built Mathlib.CategoryTheory.Abelian.GrothendieckCategory.Monomorphisms (14s)
✔ [5110/5209] Built Mathlib.CategoryTheory.SmallObject.TransfiniteCompositionLifting (18s)
✔ [5111/5209] Built Mathlib.CategoryTheory.MorphismProperty.Representable (22s)
✔ [5112/5209] Built Mathlib.AlgebraicGeometry.ProjectiveSpectrum.Basic (34s)
✔ [5113/5209] Built Mathlib.CategoryTheory.SmallObject.TransfiniteIteration (19s)
✔ [5114/5215] Built Mathlib.CategoryTheory.Functor.ReflectsIso.Jointly (16s)
✔ [5115/5216] Built Mathlib.AlgebraicGeometry.Morphisms.Preimmersion (17s)
✔ [5116/5216] Built Mathlib.AlgebraicGeometry.Morphisms.QuasiSeparated (29s)
✔ [5117/5216] Built Mathlib.RingTheory.Unramified.LocalStructure (37s)
✔ [5118/5216] Built Mathlib.AlgebraicGeometry.IdealSheaf.Basic (38s)
✔ [5119/5216] Built Mathlib.CategoryTheory.Sites.Point.Conservative (16s)
✔ [5120/5216] Built Mathlib.AlgebraicTopology.DoldKan.Notations (13s)
✔ [5121/5218] Built Mathlib.NumberTheory.Padics.PadicIntegers (24s)
✔ [5122/5218] Built Mathlib.CategoryTheory.SmallObject.IsCardinalForSmallObjectArgument (22s)
✔ [5123/5224] Built Mathlib.CategoryTheory.Sites.SheafCohomology.Basic (104s)
✔ [5124/5228] Built Mathlib.AlgebraicGeometry.Morphisms.FinitePresentation (21s)
✔ [5125/5231] Built Mathlib.AlgebraicGeometry.Stalk (26s)
✔ [5126/5231] Built Mathlib.AlgebraicTopology.DoldKan.Homotopies (15s)
✔ [5127/5231] Built Mathlib.CategoryTheory.SmallObject.Basic (15s)
✔ [5128/5231] Built Mathlib.AlgebraicTopology.SimplicialObject.Split (17s)
✔ [5129/5232] Built Mathlib.RingTheory.Etale.QuasiFinite (74s)
✔ [5130/5233] Built Mathlib.CategoryTheory.Idempotents.HomologicalComplex (16s)
✔ [5132/5238] Built Mathlib.AlgebraicGeometry.Noetherian (17s)
✔ [5133/5238] Built Mathlib.AlgebraicGeometry.Group.Affine (63s)
✔ [5134/5238] Built Mathlib.CategoryTheory.Idempotents.KaroubiKaroubi (15s)
✔ [5136/5246] Built Mathlib.CategoryTheory.Idempotents.SimplicialObject (12s)
✔ [5140/5254] Built Mathlib.RingTheory.Smooth.IntegralClosure (37s)
✔ [5141/5256] Built Mathlib.AlgebraicGeometry.IdealSheaf.Subscheme (38s)
✔ [5142/5257] Built Mathlib.AlgebraicTopology.DoldKan.Faces (19s)
✔ [5144/5260] Built Mathlib.CategoryTheory.Groupoid.Grpd.Basic (11s)
✔ [5145/5260] Built Mathlib.AlgebraicGeometry.ResidueField (26s)
✔ [5146/5260] Built Mathlib.Topology.Category.TopCat.Monoidal (17s)
✔ [5147/5262] Built Mathlib.CategoryTheory.Abelian.GrothendieckCategory.EnoughInjectives (18s)
✔ [5148/5263] Built Mathlib.AlgebraicGeometry.OrderOfVanishing (19s)
✔ [5149/5263] Built Mathlib.CategoryTheory.Localization.CalculusOfFractions.OfAdjunction (11s)
✔ [5150/5263] Built Mathlib.AlgebraicTopology.ModelCategory.CofibrantObjectHomotopy (15s)
✔ [5151/5263] Built Mathlib.Topology.Homotopy.Basic (22s)
✔ [5152/5263] Built Mathlib.AlgebraicTopology.ModelCategory.Opposite (11s)
✔ [5153/5263] Built Mathlib.AlgebraicTopology.ModelCategory.JoyalTrick (12s)
✔ [5154/5263] Built Mathlib.AlgebraicTopology.DoldKan.Projections (17s)
✔ [5155/5263] Built Mathlib.AlgebraicGeometry.AlgebraicCycle.Basic (15s)
✔ [5156/5266] Built Mathlib.AlgebraicGeometry.SpreadingOut (32s)
✔ [5157/5266] Built Mathlib.CategoryTheory.LiftingProperties.Over (13s)
✔ [5158/5266] Built Mathlib.CategoryTheory.Abelian.GrothendieckCategory.HasExt (13s)
✔ [5159/5266] Built Mathlib.AlgebraicGeometry.ProjectiveSpectrum.Functor (86s)
✔ [5160/5268] Built Mathlib.AlgebraicTopology.ModelCategory.Transport (13s)
✔ [5161/5269] Built Mathlib.AlgebraicTopology.ModelCategory.DerivabilityStructureCofibrant (12s)
✔ [5162/5273] Built Mathlib.Topology.Homotopy.TopCat.Basic (13s)
✔ [5164/5273] Built Mathlib.Topology.Homotopy.Equiv (13s)
✔ [5165/5274] Built Mathlib.AlgebraicGeometry.PullbackCarrier (24s)
✔ [5166/5274] Built Mathlib.AlgebraicTopology.ModelCategory.BifibrantObjectHomotopy (18s)
✔ [5167/5274] Built Mathlib.AlgebraicTopology.SimplicialSet.SubcomplexOp (13s)
✔ [5168/5274] Built Mathlib.CategoryTheory.Subfunctor.Equalizer (12s)
✔ [5169/5276] Built Mathlib.AlgebraicTopology.ModelCategory.Over (12s)
✔ [5170/5277] Built Mathlib.CategoryTheory.Limits.Preserves.Shapes.Multiequalizer (13s)
✔ [5171/5277] Built Mathlib.CategoryTheory.Limits.Shapes.MultiequalizerPullback (12s)
✔ [5172/5277] Built Mathlib.Order.CompleteLattice.MulticoequalizerDiagram (11s)
✔ [5173/5277] Built Mathlib.AlgebraicTopology.DoldKan.PInfty (21s)
✔ [5174/5277] Built Mathlib.Topology.Homotopy.Path (21s)
✔ [5175/5283] Built Mathlib.AlgebraicTopology.ModelCategory.FundamentalLemma (12s)
✔ [5176/5283] Built Mathlib.AlgebraicGeometry.Sites.Pretopology (17s)
✔ [5177/5283] Built Mathlib.Topology.Category.TopPair (21s)
✔ [5178/5284] Built Mathlib.AlgebraicGeometry.Morphisms.Affine (23s)
✔ [5179/5284] Built Mathlib.CategoryTheory.Limits.Set (12s)
✔ [5180/5284] Built Mathlib.AlgebraicTopology.SimplicialSet.Boundary (17s)
✔ [5181/5284] Built Mathlib.CategoryTheory.Limits.Types.Multicoequalizer (13s)
✔ [5182/5284] Built Mathlib.CategoryTheory.MorphismProperty.FunctorCategory (14s)
✔ [5183/5284] Built Mathlib.AlgebraicTopology.SimplicialSet.Horn (20s)
✔ [5184/5284] Built Mathlib.AlgebraicGeometry.Morphisms.UniversallyInjective (24s)
✔ [5185/5284] Built Mathlib.AlgebraicGeometry.Cover.Directed (27s)
✔ [5186/5284] Built Mathlib.AlgebraicTopology.DoldKan.Decomposition (13s)
✔ [5187/5284] Built Mathlib.AlgebraicTopology.DoldKan.FunctorN (15s)
✔ [5188/5284] Built Mathlib.AlgebraicTopology.DoldKan.FunctorGamma (16s)
✔ [5189/5284] Built Mathlib.Topology.Homotopy.Contractible (13s)
✔ [5190/5284] Built Mathlib.Topology.Homotopy.Product (14s)
✔ [5191/5284] Built Mathlib.CategoryTheory.Limits.Types.Pushouts (14s)
✔ [5192/5284] Built Mathlib.AlgebraicGeometry.Modules.Tilde (170s)
✔ [5193/5284] Built Mathlib.AlgebraicGeometry.Sites.BigZariski (17s)
✔ [5194/5284] Built Mathlib.AlgebraicGeometry.Sites.Small (19s)
✔ [5195/5284] Built Mathlib.AlgebraicTopology.EilenbergSteenrod (17s)
✔ [5196/5288] Built Mathlib.AlgebraicTopology.FundamentalGroupoid.Basic (25s)
✔ [5197/5288] Built Mathlib.AlgebraicTopology.SimplicialSet.SubcomplexColimits (12s)
✔ [5198/5288] Built Mathlib.AlgebraicTopology.SimplicialSet.SubcomplexEvaluation (13s)
✔ [5199/5288] Built Mathlib.AlgebraicGeometry.Fiber (20s)
✔ [5200/5288] Built Mathlib.AlgebraicGeometry.Morphisms.AffineAnd (20s)
✔ [5201/5288] Built Mathlib.AlgebraicTopology.DoldKan.Degeneracies (16s)
✔ [5202/5288] Built Mathlib.AlgebraicGeometry.Cover.QuasiCompact (23s)
✔ [5203/5289] Built Mathlib.CategoryTheory.Types.Monomorphisms (13s)
✔ [5204/5289] Built Mathlib.AlgebraicTopology.DoldKan.NReflectsIso (16s)
✔ [5205/5289] Built Mathlib.AlgebraicGeometry.RelativeGluing (22s)
✔ [5206/5289] Built Mathlib.AlgebraicTopology.DoldKan.Normalized (18s)
✔ [5207/5289] Built Mathlib.AlgebraicGeometry.GluingOneHypercover (17s)
✔ [5208/5289] Built Mathlib.AlgebraicTopology.SimplicialSet.Path (18s)
✔ [5209/5290] Built Mathlib.AlgebraicTopology.FundamentalGroupoid.PUnit (16s)
✔ [5210/5290] Built Mathlib.AlgebraicTopology.FundamentalGroupoid.FundamentalGroup (13s)
✔ [5211/5290] Built Mathlib.AlgebraicGeometry.Morphisms.Flat (36s)
✔ [5212/5292] Built Mathlib.AlgebraicGeometry.Sites.Affine (20s)
✔ [5213/5292] Built Mathlib.AlgebraicTopology.FundamentalGroupoid.Product (15s)
✔ [5214/5292] Built Mathlib.AlgebraicGeometry.Geometrically.Basic (16s)
✔ [5215/5294] Built Mathlib.AlgebraicGeometry.Morphisms.Descent (16s)
✔ [5216/5294] Built Mathlib.AlgebraicGeometry.Sites.QuasiCompact (16s)
✔ [5217/5294] Built Mathlib.CategoryTheory.Monoidal.Cartesian.Cat (11s)
✔ [5218/5294] Built Mathlib.AlgebraicTopology.SimplicialSet.HornColimits (24s)
✔ [5219/5294] Built Mathlib.AlgebraicGeometry.Morphisms.ClosedImmersion (22s)
✔ [5220/5294] Built Mathlib.AlgebraicTopology.SimplicialSet.Skeleton (17s)
✔ [5221/5294] Built Mathlib.AlgebraicTopology.DoldKan.HomotopyEquivalence (15s)
✔ [5222/5294] Built Mathlib.CategoryTheory.Monoidal.Types.Coyoneda (14s)
✔ [5223/5294] Built Mathlib.AlgebraicTopology.SimplicialSet.StrictSegal (20s)
✔ [5224/5294] Built Mathlib.AlgebraicGeometry.Sites.Representability (21s)
✔ [5225/5294] Built Mathlib.AlgebraicGeometry.Sites.SmallAffineZariski (25s)
✔ [5226/5296] Built Mathlib.AlgebraicGeometry.Morphisms.UniversallyOpen (17s)
✔ [5227/5296] Built Mathlib.AlgebraicGeometry.EffectiveEpi (19s)
✔ [5228/5298] Built Mathlib.AlgebraicTopology.FundamentalGroupoid.InducedMaps (17s)
✔ [5229/5298] Built Mathlib.AlgebraicGeometry.IdealSheaf.IrreducibleComponent (15s)
✔ [5230/5298] Built Mathlib.AlgebraicGeometry.Sites.SheafQuasiCompact (17s)
✔ [5231/5298] Built Mathlib.CategoryTheory.Monoidal.Center (21s)
✔ [5232/5298] Built Mathlib.AlgebraicGeometry.ColimitsOver (34s)
✔ [5233/5298] Built Mathlib.AlgebraicGeometry.Morphisms.Smooth (27s)
✔ [5234/5300] Built Mathlib.AlgebraicTopology.SimplicialSet.CategoryWithFibrations (12s)
✔ [5235/5301] Built Mathlib.AlgebraicGeometry.IdealSheaf.Functorial (17s)
✔ [5236/5301] Built Mathlib.AlgebraicGeometry.Morphisms.UniversallyClosed (20s)
✔ [5237/5303] Built Mathlib.AlgebraicTopology.DoldKan.SplitSimplicialObject (17s)
✔ [5239/5306] Built Mathlib.AlgebraicGeometry.Morphisms.Separated (21s)
✔ [5240/5306] Built Mathlib.AlgebraicGeometry.Geometrically.Connected (16s)
✔ [5241/5307] Built Mathlib.AlgebraicTopology.FundamentalGroupoid.SimplyConnected (15s)
✔ [5242/5307] Built Mathlib.AlgebraicGeometry.Geometrically.Irreducible (18s)
✔ [5243/5307] Built Mathlib.AlgebraicGeometry.Sites.Fpqc (16s)
✔ [5244/5308] Built Mathlib.AlgebraicTopology.SimplicialSet.Monoidal (19s)
✔ [5246/5308] Built Mathlib.AlgebraicTopology.SimplicialObject.Coskeletal (13s)
✔ [5247/5309] Built Mathlib.AlgebraicGeometry.Morphisms.SmoothFiber (16s)
✔ [5248/5310] Built Mathlib.AlgebraicTopology.SimplicialSet.KanComplex (16s)
✔ [5250/5311] Built Mathlib.CategoryTheory.Enriched.Basic (21s)
✔ [5251/5311] Built Mathlib.CategoryTheory.Category.Cat.Terminal (11s)
✔ [5252/5312] Built Mathlib.AlgebraicGeometry.Morphisms.SchemeTheoreticallyDominant (18s)
✔ [5253/5313] Built Mathlib.AlgebraicTopology.DoldKan.GammaCompN (16s)
✔ [5254/5313] Built Mathlib.AlgebraicGeometry.Morphisms.FlatDescent (20s)
✔ [5255/5313] Built Mathlib.AlgebraicTopology.Quasicategory.TwoTruncated (14s)
✔ [5256/5315] Built Mathlib.AlgebraicTopology.Quasicategory.Basic (12s)
✔ [5257/5316] Built Mathlib.AlgebraicGeometry.Morphisms.Immersion (20s)
✔ [5258/5316] Built Mathlib.AlgebraicGeometry.Morphisms.Integral (19s)
✔ [5259/5316] Built Mathlib.AlgebraicGeometry.Sites.ConstantSheaf (18s)
✔ [5260/5316] Built Mathlib.AlgebraicGeometry.Birational.RationalMap (24s)
✔ [5261/5317] Built Mathlib.AlgebraicTopology.SimplicialSet.Coskeletal (18s)
✔ [5262/5317] Built Mathlib.AlgebraicTopology.SimplexCategory.Augmented.Basic (17s)
✔ [5263/5317] Built Mathlib.AlgebraicTopology.SimplexCategory.GeneratorsRelations.Basic (15s)
✔ [5264/5317] Built Mathlib.CategoryTheory.Enriched.Ordinary.Basic (18s)
✔ [5265/5317] Built Mathlib.CategoryTheory.Functor.FunctorHom (19s)
✔ [5266/5317] Built Mathlib.AlgebraicTopology.DoldKan.NCompGamma (15s)
✔ [5267/5317] Built Mathlib.AlgebraicTopology.Quasicategory.TwoTruncatedQuasicategory (14s)
✔ [5268/5319] Built Mathlib.AlgebraicGeometry.Morphisms.FlatMono (17s)
✔ [5269/5319] Built Mathlib.AlgebraicTopology.Quasicategory.StrictSegal (14s)
✔ [5270/5319] Built Mathlib.AlgebraicTopology.Quasicategory.InnerFibration (14s)
✔ [5271/5319] Built Mathlib.AlgebraicTopology.SimplexCategory.MorphismProperty (13s)
✔ [5272/5319] Built Mathlib.AlgebraicTopology.SimplexCategory.SemiSimplexCategory (13s)
✔ [5273/5319] Built Mathlib.AlgebraicGeometry.Artinian (17s)
✔ [5274/5320] Built Mathlib.AlgebraicGeometry.PointsPi (18s)
✔ [5276/5321] Built Mathlib.AlgebraicGeometry.QuasiAffine (19s)
✔ [5277/5322] Built Mathlib.AlgebraicTopology.SimplexCategory.ToMkOne (15s)
✔ [5279/5322] Built Mathlib.AlgebraicGeometry.Birational.Dominant (18s)
✔ [5280/5322] Built Mathlib.AlgebraicGeometry.Morphisms.Finite (20s)
✔ [5281/5322] Built Mathlib.AlgebraicTopology.SimplexCategory.GeneratorsRelations.EpiMono (15s)
✔ [5282/5322] Built Mathlib.AlgebraicTopology.SimplicialCategory.Basic (12s)
✔ [5283/5322] Built Mathlib.CategoryTheory.Bicategory.CatEnriched (19s)
✔ [5284/5322] Built Mathlib.AlgebraicTopology.DoldKan.EquivalenceAdditive (14s)
✔ [5285/5322] Built Mathlib.AlgebraicTopology.Quasicategory.Nerve (13s)
✔ [5286/5322] Built Mathlib.AlgebraicTopology.SimplicialSet.HomotopyCat (21s)
✔ [5287/5322] Built Mathlib.AlgebraicTopology.SimplicialObject.II (12s)
✔ [5288/5322] Built Mathlib.AlgebraicGeometry.Geometrically.Reduced (18s)
✔ [5289/5322] Built Mathlib.AlgebraicGeometry.Birational.Composition (18s)
✔ [5290/5322] Built Mathlib.AlgebraicTopology.SimplexCategory.Augmented.Monoidal (36s)
✔ [5291/5322] Built Mathlib.AlgebraicTopology.SimplexCategory.GeneratorsRelations.NormalForms (17s)
✔ [5292/5325] Built Mathlib.AlgebraicGeometry.Morphisms.FlatRank (19s)
✔ [5293/5325] Built Mathlib.AlgebraicGeometry.AlgClosed.Basic (19s)
✔ [5294/5333] Built Mathlib.AlgebraicGeometry.Morphisms.QuasiFinite (23s)
✔ [5297/5335] Built Mathlib.AlgebraicGeometry.Morphisms.Proper (21s)
✔ [5298/5335] Built Mathlib.AlgebraicTopology.SimplicialCategory.SimplicialObject (13s)
✔ [5299/5335] Built Mathlib.AlgebraicTopology.SimplicialObject.ChainHomotopy (28s)
✔ [5300/5335] Built Mathlib.AlgebraicTopology.DoldKan.EquivalencePseudoabelian (13s)
✔ [5301/5338] Built Mathlib.AlgebraicTopology.SimplicialNerve (20s)
✔ [5302/5341] Built Mathlib.AlgebraicTopology.SimplicialSet.AnodyneExtensions.IsUniquelyCodimOneFace (11s)
✔ [5303/5344] Built Mathlib.AlgebraicTopology.SimplicialSet.NonDegenerateSimplicesSubcomplex (13s)
✔ [5304/5344] Built Mathlib.AlgebraicGeometry.Geometrically.Integral (15s)
✔ [5305/5344] Built Mathlib.AlgebraicTopology.SimplicialSet.FiniteColimits (12s)
✔ [5306/5344] Built Mathlib.AlgebraicTopology.SimplicialSet.ProdStdSimplex (17s)
✔ [5307/5346] Built Mathlib.AlgebraicGeometry.Normalization (66s)
✔ [5308/5346] Built Mathlib.AlgebraicGeometry.ValuativeCriterion (19s)
✔ [5309/5346] Built Mathlib.AlgebraicTopology.DoldKan.Equivalence (13s)
✔ [5310/5352] Built Mathlib.AlgebraicGeometry.Morphisms.FormallyUnramified (20s)
✔ [5311/5353] Built Mathlib.CategoryTheory.Limits.FunctorCategory.Shapes.Pullbacks (15s)
✔ [5312/5353] Built Mathlib.CategoryTheory.ExtremalEpi (12s)
✔ [5313/5353] Built Mathlib.CategoryTheory.Presentable.Limits (12s)
✔ [5314/5353] Built Mathlib.CategoryTheory.Presentable.Retracts (11s)
✔ [5315/5355] Built Mathlib.AlgebraicTopology.SimplicialSet.AnodyneExtensions.Pairing (14s)
✔ [5316/5355] Built Mathlib.AlgebraicTopology.SimplicialSet.HoFunctorMonoidal (33s)
✔ [5317/5359] Built Mathlib.AlgebraicTopology.SimplicialSet.FiniteProd (12s)
✔ [5318/5360] Built Mathlib.CategoryTheory.Functor.KanExtension.DenseAt (11s)
✔ [5319/5361] Built Mathlib.AlgebraicTopology.SimplicialSet.Nonsingular (14s)
✔ [5320/5361] Built Mathlib.CategoryTheory.SmallRepresentatives (14s)
✔ [5321/5363] Built Mathlib.CategoryTheory.Generator.StrongGenerator (11s)
✔ [5322/5363] Built Mathlib.AlgebraicGeometry.AffineTransitionLimit (65s)
✔ [5323/5365] Built Mathlib.CategoryTheory.Functor.RegularEpi (13s)
✔ [5324/5365] Built Mathlib.AlgebraicTopology.SimplicialSet.AnodyneExtensions.Op (11s)
✔ [5325/5366] Built Mathlib.AlgebraicGeometry.Morphisms.Etale (16s)
✔ [5326/5366] Built Mathlib.AlgebraicTopology.Quasicategory.StrictBicategory (12s)
✔ [5327/5366] Built Mathlib.AlgebraicGeometry.AffineSpace (27s)
✔ [5328/5366] Built Mathlib.CategoryTheory.Monoidal.Limits.Shapes.Pullback (12s)
✔ [5329/5366] Built Mathlib.CategoryTheory.ObjectProperty.ColimitsCardinalClosure (11s)
✔ [5330/5368] Built Mathlib.CategoryTheory.Functor.KanExtension.Dense (12s)
✔ [5331/5369] Built Mathlib.AlgebraicTopology.SimplicialSet.AnodyneExtensions.PairingCore (14s)
✔ [5333/5369] Built Mathlib.CategoryTheory.Presentable.CardinalFilteredPresentation (12s)
✔ [5334/5369] Built Mathlib.CategoryTheory.Adjunction.ParametrizedLimits (11s)
✔ [5335/5369] Built Mathlib.AlgebraicGeometry.ProjectiveSpectrum.Proper (28s)
✔ [5336/5369] Built Mathlib.AlgebraicTopology.SimplicialSet.RegularEpi (10s)
✔ [5337/5372] Built Mathlib.CategoryTheory.Monoidal.Closed.FunctorToTypes (14s)
✔ [5338/5372] Built Mathlib.AlgebraicGeometry.Sites.Etale (16s)
✔ [5339/5372] Built Mathlib.AlgebraicGeometry.Morphisms.WeaklyEtale (15s)
✔ [5340/5377] Built Mathlib.CategoryTheory.Monoidal.Closed.Braided (9.7s)
✔ [5341/5378] Built Mathlib.CategoryTheory.Presentable.LocallyPresentable (10s)
✔ [5342/5378] Built Mathlib.AlgebraicTopology.SimplicialSet.AnodyneExtensions.Rank (12s)
✔ [5343/5378] Built Mathlib.AlgebraicGeometry.Morphisms.LocalFlatDescent (15s)
✔ [5344/5380] Built Mathlib.AlgebraicTopology.SimplicialSet.CoherentIso (12s)
✔ [5345/5380] Built Mathlib.CategoryTheory.Limits.Shapes.Pullback.PullbackObjObj (31s)
✔ [5346/5380] Built Mathlib.AlgebraicGeometry.Birational.Birational (17s)
✔ [5347/5381] Built Mathlib.AlgebraicTopology.SimplicialSet.Homology.Basic (16s)
✔ [5348/5381] Built Mathlib.AlgebraicTopology.SimplicialSet.Nonempty (11s)
✔ [5349/5382] Built Mathlib.AlgebraicTopology.SimplicialSet.StdSimplexOne (11s)
✔ [5350/5382] Built Mathlib.AlgebraicGeometry.ZariskisMainTheorem (25s)
✔ [5351/5382] Built Mathlib.CategoryTheory.Presentable.StrongGenerator (12s)
✔ [5352/5382] Built Mathlib.AlgebraicGeometry.Sites.Proetale (15s)
✔ [5353/5382] Built Mathlib.AlgebraicTopology.SimplicialSet.RelativeMorphism (14s)
✔ [5354/5382] Built Mathlib.AlgebraicTopology.SimplicialSet.AnodyneExtensions.RankNat (12s)
✔ [5355/5382] Built Mathlib.AlgebraicGeometry.Sites.AffineEtale (18s)
✔ [5356/5384] Built Mathlib.CategoryTheory.Monoidal.Braided.PushoutObjObj (11s)
✔ [5357/5384] Built Mathlib.AlgebraicTopology.SimplicialSet.Splitting (12s)
✔ [5358/5385] Built Mathlib.AlgebraicTopology.SimplicialSet.AnodyneExtensions.RelativeCellComplex (18s)
✔ [5359/5385] Built Mathlib.AlgebraicGeometry.Group.Smooth (16s)
✔ [5360/5385] Built Mathlib.AlgebraicTopology.SimplicialSet.AnodyneExtensions.UnionProd (21s)
✔ [5361/5385] Built Mathlib.AlgebraicTopology.SimplicialSet.Homology.MapHomologicalComplex (13s)
✔ [5362/5386] Built Mathlib.CategoryTheory.LiftingProperties.ParametrizedAdjunction (15s)
✔ [5363/5387] Built Mathlib.AlgebraicTopology.SimplicialSet.Monomorphisms (12s)
✔ [5364/5387] Built Mathlib.AlgebraicTopology.SimplicialSet.ProdStdSimplexOne (13s)
✔ [5365/5389] Built Mathlib.AlgebraicTopology.SimplicialSet.PiZero (14s)
✔ [5366/5389] Built Mathlib.CategoryTheory.Presentable.Presheaf (13s)
✔ [5368/5389] Built Mathlib.CategoryTheory.Category.Cat.CartesianClosed (12s)
✔ [5369/5389] Built Mathlib.CategoryTheory.Monoidal.PushoutProduct (25s)
✔ [5370/5393] Built Mathlib.AlgebraicTopology.SimplicialSet.NerveCodiscrete (11s)
✔ [5371/5393] Built Mathlib.AlgebraicTopology.SimplicialSet.NonDegenerateSimplicesColimit (12s)
✔ [5372/5393] Built Mathlib.AlgebraicGeometry.Sites.EtalePoint (19s)
✔ [5373/5396] Built Mathlib.AlgebraicTopology.SimplicialSet.KanComplex.MulStruct (22s)
✔ [5374/5398] Built Mathlib.AlgebraicTopology.SimplicialSet.Presentable (12s)
✔ [5375/5399] Built Mathlib.AlgebraicTopology.SimplicialSet.Homotopy (15s)
✔ [5376/5400] Built Mathlib.AlgebraicTopology.SimplicialSet.Homology.Nondegenerate (18s)
✔ [5377/5404] Built Mathlib.AlgebraicTopology.SimplicialSet.Homology.HomologyZero (17s)
✔ [5378/5405] Built Mathlib.AlgebraicTopology.SimplicialSet.Subdivision (11s)
✔ [5379/5409] Built Mathlib.AlgebraicTopology.SimplicialSet.PushoutProduct (12s)
✔ [5380/5411] Built Mathlib.AlgebraicGeometry.Group.Abelian (36s)
✔ [5381/5417] Built Mathlib.AlgebraicTopology.SimplicialSet.NonsingularColimit (10s)
✔ [5383/5418] Built Mathlib.AlgebraicTopology.TopologicalSimplex (15s)
✔ [5385/5423] Built Mathlib.AlgebraicTopology.SimplicialSet.Homology.HomotopyInvariance (12s)
✔ [5392/5425] Built Mathlib.AlgebraicTopology.SimplicialSet.AnodyneExtensions.Basic (13s)
✔ [5394/5425] Built Mathlib.Topology.Homotopy.TopCat.Path (14s)
✔ [5395/5425] Built Mathlib.Analysis.Normed.Field.TransferInstance (14s)
✔ [5398/5429] Built Mathlib.Analysis.Normed.Ring.TransferInstance (12s)
✔ [5399/5429] Built Mathlib.Analysis.Convex.Contractible (13s)
✔ [5400/5430] Built Mathlib.SetTheory.Cardinal.CountableCover (11s)
✔ [5401/5430] Built Mathlib.LinearAlgebra.Complex.Determinant (14s)
✔ [5402/5430] Built Mathlib.Analysis.SpecialFunctions.OrdinaryHypergeometric (17s)
✔ [5403/5430] Built Mathlib.AlgebraicTopology.SingularSet (15s)
✔ [5404/5430] Built Mathlib.AlgebraicTopology.SimplicialSet.AnodyneExtensions.PushoutProduct (14s)
✔ [5405/5433] Built Mathlib.AlgebraicTopology.SimplicialSet.AnodyneExtensions.Inner.Basic (14s)
✔ [5406/5434] Built Mathlib.AlgebraicTopology.SimplicialSet.NerveAdjunction (33s)
✔ [5407/5434] Built Mathlib.RingTheory.Binomial (16s)
✔ [5408/5434] Built Mathlib.Analysis.Calculus.InverseFunctionTheorem.Analytic (15s)
✔ [5409/5434] Built Mathlib.Analysis.Analytic.Polynomial (15s)
✔ [5410/5435] Built Mathlib.Analysis.Normed.Ring.WithAbs (16s)
✔ [5411/5435] Built Mathlib.Analysis.Analytic.RadiusLiminf (14s)
✔ [5412/5439] Built Mathlib.AlgebraicGeometry.Sites.ElladicCohomology (63s)
✔ [5413/5440] Built Mathlib.Topology.Algebra.Module.Cardinality (14s)
✔ [5414/5440] Built Mathlib.Analysis.Analytic.WithLp (13s)
✔ [5415/5454] Built Mathlib.AlgebraicTopology.SimplicialSet.AnodyneExtensions.Inner.PushoutProduct (13s)
✔ [5416/5454] Built Mathlib.Analysis.Complex.OperatorNorm (14s)
✔ [5463/5492] Built Mathlib.Topology.MetricSpace.MetricSeparated (13s)
✔ [5465/5494] Built Mathlib.AlgebraicTopology.SingularHomology.Basic (16s)
✔ [5468/5494] Built Mathlib.Analysis.Asymptotics.Completion (14s)
✔ [5469/5494] Built Mathlib.AlgebraicTopology.SimplicialSet.TopAdj (18s)
✔ [5470/5494] Built Mathlib.Analysis.SpecialFunctions.Log.ERealExp (13s)
✔ [5471/5495] Built Mathlib.Analysis.Asymptotics.LinearGrowth (16s)
✔ [5472/5498] Built Mathlib.Analysis.Normed.Field.WithAbs (17s)
✔ [5473/5499] Built Mathlib.Analysis.SpecialFunctions.Log.ENNRealLog (16s)
✔ [5474/5499] Built Mathlib.Analysis.Analytic.Order (22s)
✔ [5475/5499] Built Mathlib.Analysis.Asymptotics.SuperpolynomialDecay (15s)
✔ [5476/5499] Built Mathlib.Analysis.Normed.Module.Connected (18s)
✔ [5477/5504] Built Mathlib.Topology.MetricSpace.Cover (16s)
✔ [5479/5505] Built Mathlib.Analysis.CStarAlgebra.Exponential (15s)
✔ [5482/5505] Built Mathlib.Topology.Homotopy.TopCat.ToSSet (15s)
✔ [5484/5506] Built Mathlib.Analysis.Normed.Algebra.GelfandFormula (22s)
✔ [5485/5510] Built Mathlib.Topology.Homotopy.TopCat.ZerothHomotopy (16s)
✔ [5487/5510] Built Mathlib.Analysis.Convex.TotallyBounded (14s)
✔ [5489/5513] Built Mathlib.Analysis.LocallyConvex.Polar (18s)
✔ [5492/5516] Built Mathlib.Analysis.CStarAlgebra.ContinuousMap (25s)
✔ [5495/5516] Built Mathlib.Analysis.SpecialFunctions.Log.ENNRealLogExp (17s)
✔ [5497/5516] Built Mathlib.AlgebraicTopology.SingularHomology.HomotopyInvariance (14s)
✔ [5498/5524] Built Mathlib.Analysis.Normed.Operator.Completeness (19s)
✔ [5501/5528] Built Mathlib.Analysis.AbsoluteValue.Equivalence (25s)
✔ [5504/5529] Built Mathlib.Analysis.Calculus.IteratedDeriv.ConvergenceOnBall (18s)
✔ [5505/5529] Built Mathlib.Analysis.AperiodicOrder.Delone.Basic (22s)
✔ [5506/5533] Built Mathlib.Analysis.CStarAlgebra.Fuglede (25s)
✔ [5509/5535] Built Mathlib.Analysis.LocallyConvex.AbsConvex (17s)
✔ [5510/5535] Built Mathlib.AlgebraicTopology.SingularHomology.HomologyZero (19s)
✔ [5511/5537] Built Mathlib.Analysis.Asymptotics.ExpGrowth (15s)
✔ [5513/5542] Built Mathlib.Analysis.CStarAlgebra.Spectrum (22s)
✔ [5514/5543] Built Mathlib.Analysis.SpecialFunctions.ContinuousFunctionalCalculus.PosPart.Isometric (19s)
✔ [5515/5544] Built Mathlib.Topology.ApproximateUnit (13s)
✔ [5516/5545] Built Mathlib.Topology.MetricSpace.Bilipschitz (13s)
✔ [5517/5545] Built Mathlib.Analysis.CStarAlgebra.ContinuousFunctionalCalculus.Note (4.2s)
✔ [5518/5552] Built Mathlib.AlgebraicTopology.SingularHomology.HomotopyInvarianceTopCat (16s)
✔ [5522/5554] Built Mathlib.Analysis.CStarAlgebra.Module.Synonym (17s)
✔ [5524/5555] Built Mathlib.Topology.ContinuousMap.Ideals (25s)
✔ [5525/5557] Built Mathlib.Analysis.RCLike.ContinuousMap (15s)
✔ [5527/5562] Built Mathlib.Analysis.Analytic.Binomial (21s)
✔ [5536/5575] Built Mathlib.MeasureTheory.SpecificCodomains.ContinuousMap (16s)
✔ [5539/5577] Built Mathlib.Analysis.Normed.Module.Dual (17s)
✔ [5540/5577] Built Mathlib.Analysis.CStarAlgebra.ContinuousFunctionalCalculus.Unitary (15s)
✔ [5542/5577] Built Mathlib.Analysis.CStarAlgebra.ContinuousFunctionalCalculus.Projection (18s)
✔ [5543/5581] Built Mathlib.Analysis.Convex.Extreme (16s)
✔ [5547/5581] Built Mathlib.Analysis.CStarAlgebra.ContinuousLinearMap (17s)
✔ [5548/5586] Built Mathlib.Analysis.CStarAlgebra.ContinuousFunctionalCalculus.RealImaginaryPart (21s)
✔ [5549/5586] Built Mathlib.Analysis.CStarAlgebra.ContinuousFunctionalCalculus.Transfer (21s)
✔ [5551/5600] Built Mathlib.Analysis.InnerProductSpace.Completion (18s)
✔ [5578/5617] Built Mathlib.Analysis.CStarAlgebra.ContinuousFunctionalCalculus.Range (30s)
✔ [5579/5621] Built Mathlib.Analysis.CStarAlgebra.Unitary.Maps (15s)
✔ [5582/5621] Built Mathlib.MeasureTheory.SpecificCodomains.ContinuousMapZero (15s)
✔ [5583/5621] Built Mathlib.Analysis.SpecialFunctions.ContinuousFunctionalCalculus.ExpLog.Basic (18s)
✔ [5584/5625] Built Mathlib.Analysis.Normed.Module.Normalize (16s)
✔ [5585/5626] Built Mathlib.Analysis.Calculus.AbsolutelyMonotone (15s)
✔ [5586/5626] Built Mathlib.Analysis.Calculus.AddTorsor.AffineMap (15s)
✔ [5587/5631] Built Mathlib.Analysis.CStarAlgebra.lpSpace (17s)
✔ [5590/5631] Built Mathlib.Analysis.Normed.Module.WeakDual (23s)
✔ [5591/5631] Built Mathlib.LinearAlgebra.AffineSpace.Simplex.Centroid (19s)
✔ [5592/5631] Built Mathlib.Analysis.Normed.Operator.Conformal (14s)
✔ [5593/5633] Built Mathlib.Analysis.Calculus.BumpFunction.Convolution (19s)
✔ [5594/5633] Built Mathlib.Analysis.Calculus.ContDiff.Polynomial (15s)
✔ [5595/5634] Built Mathlib.Analysis.Convex.NNReal (12s)
✔ [5596/5634] Built Mathlib.Analysis.Calculus.ContDiff.RestrictScalars (17s)
✔ [5597/5634] Built Mathlib.Analysis.Calculus.Darboux (15s)
✔ [5598/5637] Built Mathlib.Analysis.CStarAlgebra.ContinuousFunctionalCalculus.Integral (23s)
✔ [5600/5639] Built Mathlib.Analysis.Calculus.FDeriv.Star (19s)
✔ [5601/5639] Built Mathlib.Analysis.Calculus.DerivativeTest (18s)
✔ [5602/5643] Built Mathlib.Analysis.Calculus.Deriv.Abs (21s)
✔ [5604/5643] Built Mathlib.Analysis.CStarAlgebra.Multiplier (50s)
✔ [5605/5643] Built Mathlib.Analysis.Calculus.Conformal.NormedSpace (18s)
✔ [5606/5645] Built Mathlib.Analysis.Normed.Algebra.Basic (21s)
✔ [5607/5645] Built Mathlib.Analysis.InnerProductSpace.ConformalLinearMap (19s)
✔ [5608/5645] Built Mathlib.LinearAlgebra.AffineSpace.FiniteDimensional (23s)
✔ [5609/5646] Built Mathlib.Analysis.Calculus.BumpFunction.SmoothApprox (21s)
✔ [5610/5648] Built Mathlib.Analysis.Normed.Module.Alternating.Curry (22s)
✔ [5611/5649] Built Mathlib.Topology.MetricSpace.Holder (21s)
✔ [5613/5651] Built Mathlib.Analysis.Calculus.Conformal.InnerProduct (14s)
✔ [5614/5652] Built Mathlib.Analysis.Normed.Module.Complemented (16s)
✔ [5615/5652] Built Mathlib.Analysis.Calculus.FDeriv.Partial (20s)
✔ [5616/5653] Built Mathlib.Analysis.Calculus.Deriv.Star (23s)
✔ [5617/5654] Built Mathlib.Analysis.Calculus.FDeriv.Norm (23s)
✔ [5618/5655] Built Mathlib.Analysis.Normed.Affine.AddTorsorBases (19s)
✔ [5619/5655] Built Mathlib.Analysis.Calculus.FDeriv.ContinuousMultilinearMap (33s)
✔ [5622/5662] Built Mathlib.Analysis.Calculus.Gradient.Basic (25s)
✔ [5624/5663] Built Mathlib.Analysis.Calculus.ContDiffHolder.Pointwise (21s)
✔ [5626/5664] Built Mathlib.Analysis.CStarAlgebra.GelfandDuality (29s)
✔ [5628/5664] Built Mathlib.Analysis.Calculus.VectorField (35s)
✔ [5629/5664] Built Mathlib.Analysis.Calculus.InverseFunctionTheorem.FiniteDimensional (18s)
✔ [5631/5669] Built Mathlib.Analysis.Normed.Module.Alternating.Uncurry.Fin (27s)
✔ [5634/5669] Built Mathlib.Analysis.Calculus.IteratedDeriv.Analytic (20s)
✔ [5683/5722] Built Mathlib.Analysis.Calculus.IteratedDeriv.FaaDiBruno (19s)
✔ [5685/5723] Built Mathlib.Analysis.Calculus.IteratedDeriv.WithinZpow (15s)
✔ [5687/5723] Built Mathlib.Analysis.Calculus.AddTorsor.Coord (16s)
✔ [5689/5730] Built Mathlib.Analysis.Calculus.Implicit (25s)
✔ [5690/5730] Built Mathlib.Analysis.Calculus.LineDeriv.Measurable (17s)
✔ [5696/5732] Built Mathlib.Analysis.Calculus.LineDeriv.QuadraticMap (16s)
✔ [5698/5737] Built Mathlib.Analysis.Calculus.LocalExtr.LineDeriv (15s)
✔ [5700/5739] Built Mathlib.Analysis.Calculus.LocalExtr.Polynomial (15s)
✔ [5701/5746] Built Mathlib.Topology.Algebra.InfiniteSum.UniformOn (17s)
✔ [5702/5746] Built Mathlib.Analysis.Calculus.TangentCone.Pi (14s)
✔ [5708/5751] Built Mathlib.Analysis.Calculus.TangentCone.ProperSpace (16s)
✔ [5711/5756] Built Mathlib.Analysis.Calculus.TangentCone.Seq (19s)
✔ [5712/5756] Built Mathlib.Topology.Order.ExtrClosure (12s)
✔ [5713/5756] Built Mathlib.Analysis.Normed.Module.Ray (15s)
✔ [5714/5756] Built Mathlib.MeasureTheory.Measure.Haar.Disintegration (27s)
✔ [5715/5756] Built Mathlib.Analysis.Calculus.ImplicitFunction.ProdDomain (21s)
✔ [5716/5756] Built Mathlib.Analysis.Calculus.FDeriv.ContinuousAlternatingMap (41s)
✔ [5717/5756] Built Mathlib.Analysis.Complex.AbelLimit (19s)
✔ [5718/5760] Built Mathlib.Analysis.CStarAlgebra.ContinuousFunctionalCalculus.Basic (36s)
✔ [5719/5760] Built Mathlib.Geometry.Euclidean.Angle.Unoriented.Basic (17s)
✔ [5720/5761] Built Mathlib.Analysis.Calculus.LogDerivUniformlyOn (18s)
✔ [5721/5761] Built Mathlib.Analysis.Calculus.TaylorIntegral (28s)
✔ [5722/5763] Built Mathlib.Analysis.Normed.Module.Ball.Action (19s)
✔ [5723/5765] Built Mathlib.Analysis.Normed.Module.Extr (13s)
✔ [5724/5769] Built Mathlib.Analysis.Complex.CoveringMap (23s)
✔ [5725/5769] Built Mathlib.Analysis.Convex.StrictConvexSpace (18s)
✔ [5726/5769] Built Mathlib.Analysis.Calculus.ImplicitFunction.Bivariate (19s)
✔ [5727/5772] Built Mathlib.Analysis.Calculus.ImplicitContDiff (20s)
✔ [5728/5773] Built Mathlib.Topology.Homotopy.Lifting (28s)
✔ [5729/5779] Built Mathlib.Analysis.Calculus.Rademacher (28s)
✔ [5733/5784] Built Mathlib.Analysis.CStarAlgebra.SpecialFunctions.PosPart (24s)
✔ [5734/5784] Built Mathlib.Analysis.Calculus.DifferentialForm.Basic (26s)
✔ [5735/5789] Built Mathlib.Analysis.Complex.Angle (21s)
✔ [5736/5789] Built Mathlib.Analysis.Convex.Uniform (17s)
✔ [5737/5789] Built Mathlib.Analysis.Complex.UnitDisc.Basic (25s)
✔ [5738/5789] Built Mathlib.Analysis.Complex.HalfPlane (16s)
✔ [5739/5792] Built Mathlib.Analysis.Complex.ExponentialBounds (20s)
✔ [5745/5801] Built Mathlib.LinearAlgebra.Matrix.GeneralLinearGroup.Basic (22s)
✔ [5746/5804] Built Mathlib.Analysis.Complex.HasPrimitives (22s)
✔ [5747/5805] Built Mathlib.Analysis.Calculus.DifferentialForm.VectorField (16s)
✔ [5748/5805] Built Mathlib.Analysis.InnerProductSpace.Harmonic.Basic (18s)
✔ [5749/5805] Built Mathlib.Analysis.CStarAlgebra.ContinuousFunctionalCalculus.Order (41s)
✔ [5750/5805] Built Mathlib.Analysis.Complex.IsIntegral (12s)
✔ [5751/5807] Built Mathlib.Analysis.Complex.UpperHalfPlane.Basic (18s)
✔ [5752/5807] Built Mathlib.Analysis.Meromorphic.Basic (44s)
✔ [5753/5807] Built Mathlib.MeasureTheory.Integral.IntervalAverage (22s)
✔ [5754/5807] Built Mathlib.Analysis.InnerProductSpace.Convex (17s)
✔ [5755/5807] Built Mathlib.Analysis.Complex.BranchLogRoot (17s)
✔ [5756/5807] Built Mathlib.Analysis.SpecialFunctions.Log.PosLog (19s)
✔ [5757/5807] Built Mathlib.Analysis.Complex.Isometry (18s)
✔ [5758/5807] Built Mathlib.Order.Filter.ZeroAndBoundedAtFilter (14s)
✔ [5759/5807] Built Mathlib.Analysis.Complex.Polynomial.GaussLucas (17s)
✔ [5760/5808] Built Mathlib.Analysis.InnerProductSpace.Harmonic.HarmonicContOnCl (17s)
✔ [5761/5808] Built Mathlib.Analysis.InnerProductSpace.Harmonic.Constructions (19s)
✔ [5762/5808] Built Mathlib.Analysis.Complex.Polynomial.UnitTrinomial (18s)
✔ [5763/5808] Built Mathlib.Analysis.CStarAlgebra.Projection (19s)
✔ [5764/5808] Built Mathlib.Analysis.CStarAlgebra.Unitary.Span (22s)
✔ [5765/5808] Built Mathlib.Analysis.CStarAlgebra.Unitary.Connected (24s)
✔ [5766/5808] Built Mathlib.Analysis.CStarAlgebra.PositiveLinearMap (22s)
✔ [5767/5808] Built Mathlib.Analysis.CStarAlgebra.Hom (24s)
✔ [5768/5808] Built Mathlib.Analysis.Complex.IntegerCompl (16s)
✔ [5769/5810] Built Mathlib.Analysis.CStarAlgebra.Extreme (25s)
✔ [5770/5811] Built Mathlib.Analysis.CStarAlgebra.Module.Defs (23s)
✔ [5772/5811] Built Mathlib.Analysis.Complex.TaylorSeries (20s)
✔ [5773/5811] Built Mathlib.Analysis.Complex.Arg (14s)
✔ [5774/5811] Built Mathlib.Analysis.CStarAlgebra.GelfandNaimarkSegal (42s)
✔ [5775/5811] Built Mathlib.MeasureTheory.Integral.CircleAverage (24s)
✔ [5776/5811] Built Mathlib.Analysis.Complex.AbsMax (21s)
✔ [5777/5814] Built Mathlib.Analysis.Complex.Conformal (19s)
✔ [5778/5814] Built Mathlib.Analysis.Complex.RiemannMapping (20s)
✔ [5779/5814] Built Mathlib.Analysis.Complex.Periodic (21s)
✔ [5780/5817] Built Mathlib.Analysis.Complex.SqrtDeriv (18s)
✔ [5782/5818] Built Mathlib.Analysis.CStarAlgebra.ApproximateUnit (43s)
✔ [5784/5821] Built Mathlib.Analysis.Complex.Positivity (17s)
✔ [5786/5824] Built Mathlib.Analysis.Meromorphic.Order (43s)
✔ [5787/5824] Built Mathlib.Analysis.CStarAlgebra.Module.Constructions (28s)
✔ [5788/5824] Built Mathlib.Analysis.Complex.SummableUniformlyOn (25s)
✔ [5789/5824] Built Mathlib.Analysis.CStarAlgebra.Commutative.PosPart (33s)
✔ [5790/5826] Built Mathlib.Analysis.Complex.OpenMapping (21s)
✔ [5791/5826] Built Mathlib.Analysis.Complex.MeanValue (23s)
✔ [5792/5827] Built Mathlib.Analysis.Complex.PhragmenLindelof (25s)
✔ [5793/5829] Built Mathlib.Topology.UrysohnsBounded (17s)
✔ [5794/5829] Built Mathlib.LinearAlgebra.Matrix.ProjectiveSpecialLinearGroup (15s)
✔ [5795/5830] Built Mathlib.Analysis.Complex.Schwarz (21s)
✔ [5796/5830] Built Mathlib.Analysis.Complex.UpperHalfPlane.Exp (18s)
✔ [5797/5830] Built Mathlib.Analysis.Meromorphic.RCLike (16s)
✔ [5798/5830] Built Mathlib.Analysis.Complex.Harmonic.Analytic (26s)
✔ [5799/5832] Built Mathlib.LinearAlgebra.Matrix.Charpoly.Disc (15s)
✔ [5800/5834] Built Mathlib.Analysis.Meromorphic.IsolatedZeros (19s)
✔ [5801/5834] Built Mathlib.Analysis.Meromorphic.TrailingCoefficient (19s)
✔ [5802/5834] Built Mathlib.RingTheory.Complex (17s)
✔ [5803/5834] Built Mathlib.RingTheory.Norm.Transitivity (18s)
✔ [5804/5835] Built Mathlib.Analysis.Complex.Hadamard (20s)
✔ [5805/5836] Built Mathlib.Analysis.Complex.Poisson (25s)
✔ [5806/5837] Built Mathlib.Topology.TietzeExtension (21s)
✔ [5807/5839] Built Mathlib.LinearAlgebra.Matrix.GeneralLinearGroup.Projective (21s)
✔ [5808/5839] Built Mathlib.Analysis.Complex.BorelCaratheodory (21s)
✔ [5809/5843] Built Mathlib.Analysis.Complex.Harmonic.Liouville (20s)
✔ [5810/5843] Built Mathlib.Analysis.Complex.Harmonic.MeanValue (23s)
✔ [5811/5843] Built Mathlib.LinearAlgebra.Matrix.GeneralLinearGroup.FinTwo (22s)
✔ [5812/5845] Built Mathlib.Analysis.SpecialFunctions.Trigonometric.DerivHyp (26s)
✔ [5813/5845] Built Mathlib.Analysis.CStarAlgebra.CStarMatrix (40s)
✔ [5814/5852] Built Mathlib.Geometry.Euclidean.Inversion.Basic (18s)
✔ [5815/5852] Built Mathlib.Topology.Compactification.StoneCech (13s)
✔ [5816/5854] Built Mathlib.Analysis.Meromorphic.Divisor (21s)
✔ [5817/5855] Built Mathlib.Topology.Algebra.ProperAction.Basic (21s)
✔ [5818/5855] Built Mathlib.Topology.Category.CompHausLike.Basic (14s)
✔ [5819/5855] Built Mathlib.Topology.Compactification.OnePoint.Basic (14s)
✔ [5820/5861] Built Mathlib.Analysis.Complex.Harmonic.Poisson (22s)
✔ [5823/5869] Built Mathlib.Analysis.Complex.Tietze (24s)
✔ [5825/5869] Built Mathlib.Topology.Algebra.Group.Matrix (17s)
✔ [5827/5869] Built Mathlib.Analysis.Complex.UpperHalfPlane.MoebiusAction (25s)
✔ [5828/5870] Built Mathlib.Analysis.SpecialFunctions.Arsinh (17s)
✔ [5829/5872] Built Mathlib.Analysis.ConstantSpeed (15s)
✔ [5830/5872] Built Mathlib.Analysis.Convex.AmpleSet (15s)
✔ [5831/5872] Built Mathlib.Topology.Semicontinuity.Lindelof (15s)
✔ [5832/5872] Built Mathlib.Topology.Category.TopCat.Limits.Konig (13s)
✔ [5833/5872] Built Mathlib.Analysis.CStarAlgebra.CompletelyPositiveMap (22s)
✔ [5834/5875] Built Mathlib.Analysis.Meromorphic.NormalForm (24s)
✔ [5835/5875] Built Mathlib.Topology.Category.CompHaus.Basic (19s)
✔ [5836/5875] Built Mathlib.Analysis.Convex.Caratheodory (15s)
✔ [5837/5877] Built Mathlib.Topology.Algebra.Order.Module (12s)
✔ [5838/5879] Built Mathlib.Analysis.Convex.Body (22s)
✔ [5839/5880] Built Mathlib.Analysis.Convex.Cone.Closure (15s)
✔ [5840/5882] Built Mathlib.LinearAlgebra.Matrix.Permutation (19s)
✔ [5841/5882] Built Mathlib.Analysis.Convex.Between (28s)
✔ [5842/5883] Built Mathlib.Analysis.Complex.UpperHalfPlane.Topology (23s)
✔ [5843/5884] Built Mathlib.CategoryTheory.CofilteredSystem (18s)
✔ [5844/5884] Built Mathlib.Analysis.Complex.UpperHalfPlane.FixedPoints (24s)
✔ [5845/5884] Built Mathlib.Topology.Compactness.CompactlyGeneratedSpace (18s)
✔ [5846/5884] Built Mathlib.Geometry.Convex.Cone.Dual (20s)
✔ [5847/5884] Built Mathlib.Geometry.Convex.Cone.Simplicial (14s)
✔ [5848/5885] Built Mathlib.Analysis.Convex.Approximation (25s)
✔ [5849/5885] Built Mathlib.Analysis.Meromorphic.FactorizedRational (22s)
✔ [5850/5885] Built Mathlib.Analysis.Convex.Cone.Basic (19s)
✔ [5851/5886] Built Mathlib.Topology.Algebra.Module.TopDualPairing (19s)
✔ [5852/5886] Built Mathlib.LinearAlgebra.Matrix.Stochastic (19s)
✔ [5853/5887] Built Mathlib.Analysis.Convex.Intrinsic (22s)
✔ [5854/5887] Built Mathlib.Analysis.Normed.Affine.Convex (20s)
✔ [5855/5887] Built Mathlib.Analysis.Convex.BetweenList (18s)
✔ [5856/5887] Built Mathlib.Analysis.Convex.ContinuousLinearEquiv (14s)
✔ [5857/5887] Built Mathlib.Analysis.Complex.UpperHalfPlane.Metric (20s)
✔ [5858/5888] Built Mathlib.Combinatorics.Hall.Basic (14s)
✔ [5859/5888] Built Mathlib.Analysis.Convex.Exposed (15s)
✔ [5860/5889] Built Mathlib.Analysis.Complex.UpperHalfPlane.FunctionsBoundedAtInfty (18s)
✔ [5861/5890] Built Mathlib.Analysis.Convex.Extrema (14s)
✔ [5862/5891] Built Mathlib.Topology.Algebra.ProperAction.CompactlyGenerated (17s)
✔ [5863/5891] Built Mathlib.Analysis.Complex.UpperHalfPlane.Manifold (23s)
✔ [5864/5892] Built Mathlib.Geometry.Convex.Cone.TensorProduct (17s)
✔ [5865/5892] Built Mathlib.Analysis.Convex.FunctionTopology (13s)
✔ [5866/5893] Built Mathlib.Analysis.SpecialFunctions.Integrability.LogMeromorphic (21s)
✔ [5867/5893] Built Mathlib.Analysis.Convex.Independent (12s)
✔ [5868/5893] Built Mathlib.Analysis.Convex.Cone.Dual (20s)
✔ [5869/5893] Built Mathlib.Analysis.Convex.DoublyStochasticMatrix (18s)
✔ [5870/5893] Built Mathlib.Analysis.Convex.GaugeRescale (19s)
✔ [5871/5895] Built Mathlib.Analysis.Convex.Continuous (21s)
✔ [5872/5895] Built Mathlib.Analysis.Convex.Join (17s)
✔ [5873/5895] Built Mathlib.Analysis.Complex.CanonicalDecomposition (29s)
✔ [5874/5902] Built Mathlib.Analysis.Convex.KreinMilman (18s)
✔ [5875/5903] Built Mathlib.Analysis.Convex.Integral (22s)
✔ [5876/5904] Built Mathlib.Analysis.Convex.LinearIsometry (16s)
✔ [5877/5904] Built Mathlib.Analysis.Complex.UpperHalfPlane.ProperAction (24s)
✔ [5878/5905] Built Mathlib.Analysis.Complex.UpperHalfPlane.Measure (22s)
✔ [5879/5910] Built Mathlib.Analysis.Complex.ValueDistribution.Proximity.Basic (19s)
✔ [5881/5911] Built Mathlib.Analysis.Convex.Measure (17s)
✔ [5883/5912] Built Mathlib.Analysis.SpecialFunctions.Integrals.LogTrigonometric (21s)
✔ [5884/5912] Built Mathlib.Analysis.Convex.Cone.TensorProduct (19s)
✔ [5885/5912] Built Mathlib.Analysis.Convex.Cone.InnerDual (18s)
✔ [5886/5914] Built Mathlib.Analysis.Convex.Piecewise (16s)
✔ [5887/5915] Built Mathlib.Analysis.Convex.Quasiconvex (15s)
✔ [5888/5915] Built Mathlib.Analysis.Convex.Birkhoff (20s)
✔ [5889/5917] Built Mathlib.Geometry.Convex.ConvexSpace.Defs (21s)
✔ [5890/5917] Built Mathlib.Analysis.Convex.Radon (17s)
✔ [5891/5917] Built Mathlib.Analysis.Convex.SimplicialComplex.Basic (15s)
✔ [5892/5918] Built Mathlib.Analysis.Convex.StoneSeparation (15s)
✔ [5893/5920] Built Mathlib.Analysis.Convex.SpecificFunctions.Pow (17s)
✔ [5894/5930] Built Mathlib.Analysis.Convex.Strict.Extreme (17s)
✔ [5920/5950] Built Mathlib.Analysis.SpecialFunctions.Integrals.PosLogEqCircleAverage (20s)
✔ [5921/5953] Built Mathlib.Geometry.Convex.ConvexSpace.Prod (13s)
✔ [5922/5953] Built Mathlib.Analysis.Convex.StrictConvexBetween (17s)
✔ [5924/5954] Built Mathlib.Analysis.Convex.Side (30s)
✔ [5938/5976] Built Mathlib.Analysis.Convex.StrictCombination (19s)
✔ [5944/5978] Built Mathlib.Analysis.Convex.Strong (18s)
✔ [5945/5981] Built Mathlib.Geometry.Convex.ConvexSpace.AffineSpace (14s)
✔ [5946/5983] Built Mathlib.Analysis.Convex.SimplicialComplex.AffineIndependentUnion (15s)
✔ [5949/5988] Built Mathlib.Analysis.Convex.Visible (21s)
✔ [5950/5990] Built Mathlib.Topology.Algebra.Module.Spaces.CompactConvergenceCLM (21s)
✔ [5951/5994] Built Mathlib.Geometry.Convex.Set (13s)
✔ [5952/5994] Built Mathlib.MeasureTheory.Function.Holder (28s)
✔ [5953/5995] Built Mathlib.Analysis.Complex.ValueDistribution.Proximity.IntegralPresentation (20s)
✔ [5954/5995] Built Mathlib.NumberTheory.ArithmeticFunction.Moebius (14s)
✔ [5955/5996] Built Mathlib.Analysis.RCLike.Inner (20s)
✔ [5956/5996] Built Mathlib.GroupTheory.FiniteAbelian.Basic (20s)
✔ [5957/6002] Built Mathlib.Topology.Algebra.Module.Spaces.PointwiseConvergenceCLM (26s)
✔ [5958/6002] Built Mathlib.Analysis.Complex.JensenFormula (28s)
✔ [5959/6002] Built Mathlib.RingTheory.RootsOfUnity.PrimitiveRoots (22s)
✔ [5960/6005] Built Mathlib.Geometry.Convex.Star (12s)
✔ [5961/6005] Built Mathlib.FieldTheory.KrullTopology (18s)
✔ [5962/6005] Built Mathlib.FieldTheory.Galois.GaloisClosure (18s)
✔ [5963/6005] Built Mathlib.Topology.Algebra.Group.ClosedSubgroup (14s)
✔ [5964/6005] Built Mathlib.Topology.ContinuousMap.Periodic (33s)
✔ [5965/6007] Built Mathlib.RingTheory.Adjoin.PowerBasis (16s)
✔ [5966/6007] Built Mathlib.Analysis.Fourier.FiniteAbelian.Orthogonality (16s)
✔ [5967/6019] Built Mathlib.Data.ZMod.Units (14s)
✔ [5971/6020] Built Mathlib.FieldTheory.Finite.GaloisField (17s)
✔ [5973/6020] Built Mathlib.RingTheory.RootsOfUnity.Minpoly (16s)
✔ [5974/6020] Built Mathlib.RingTheory.RootsOfUnity.EnoughRootsOfUnity (15s)
✔ [5977/6024] Built Mathlib.RingTheory.RootsOfUnity.Complex (19s)
✔ [5978/6024] Built Mathlib.Geometry.Convex.ConvexSpace.Module (22s)
✔ [5979/6026] Built Mathlib.FieldTheory.Galois.Infinite (20s)
✔ [5980/6027] Built Mathlib.Analysis.Complex.ValueDistribution.LogCounting.Basic (28s)
✔ [5981/6027] Built Mathlib.NumberTheory.MulChar.Basic (20s)
✔ [5982/6027] Built Mathlib.Analysis.Hofer (18s)
✔ [5983/6027] Built Mathlib.Analysis.Fourier.FiniteAbelian.PontryaginDuality (22s)
✔ [5984/6027] Built Mathlib.Analysis.InnerProductSpace.Affine (18s)
✔ [5985/6027] Built Mathlib.FieldTheory.Finite.Trace (17s)
✔ [5986/6029] Built Mathlib.FieldTheory.Galois.Abelian (14s)
✔ [5987/6029] Built Mathlib.Analysis.InnerProductSpace.ExteriorPower (21s)
✔ [5988/6029] Built Mathlib.RingTheory.Polynomial.Cyclotomic.Basic (19s)
✔ [5989/6029] Built Mathlib.Analysis.InnerProductSpace.Semisimple (16s)
✔ [5990/6029] Built Mathlib.NumberTheory.LegendreSymbol.ZModChar (15s)
✔ [5991/6035] Built Mathlib.Analysis.InnerProductSpace.LaxMilgram (17s)
✔ [5994/6035] Built Mathlib.Analysis.Complex.ValueDistribution.LogCounting.Asymptotic (19s)
✔ [5995/6036] Built Mathlib.Analysis.Convex.MetricSpace (24s)
✔ [5996/6041] Built Mathlib.Analysis.Complex.ValueDistribution.CharacteristicFunction (19s)
✔ [5997/6042] Built Mathlib.Analysis.InnerProductSpace.Positive (34s)
✔ [5998/6042] Built Mathlib.Analysis.Distribution.SchwartzSpace.Basic (91s)
✔ [5999/6042] Built Mathlib.NumberTheory.DirichletCharacter.Basic (14s)
✔ [6000/6043] Built Mathlib.NumberTheory.MulChar.Lemmas (18s)
✔ [6001/6043] Built Mathlib.Topology.Algebra.Module.LinearPMap (16s)
✔ [6002/6043] Built Mathlib.LinearAlgebra.Basis.MulOpposite (13s)
✔ [6003/6044] Built Mathlib.RingTheory.Polynomial.Cyclotomic.Roots (19s)
✔ [6004/6044] Built Mathlib.Dynamics.BirkhoffSum.NormedSpace (16s)
✔ [6005/6045] Built Mathlib.Analysis.InnerProductSpace.JointEigenspace (18s)
✔ [6006/6045] Built Mathlib.Analysis.Complex.ValueDistribution.FirstMainTheorem (19s)
✔ [6007/6045] Built Mathlib.Analysis.Complex.ValueDistribution.Cartan (20s)
✔ [6008/6045] Built Mathlib.Analysis.InnerProductSpace.OfNorm (23s)
✔ [6009/6045] Built Mathlib.Analysis.InnerProductSpace.SingularValues (22s)
✔ [6010/6045] Built Mathlib.MeasureTheory.Measure.Hausdorff (28s)
✔ [6011/6045] Built Mathlib.Analysis.InnerProductSpace.StandardSubspace (21s)
✔ [6012/6045] Built Mathlib.Analysis.InnerProductSpace.MulOpposite (19s)
✔ [6013/6047] Built Mathlib.RingTheory.Polynomial.Cyclotomic.Expand (18s)
✔ [6014/6047] Built Mathlib.Analysis.Distribution.ContDiffMapSupportedIn (102s)
✔ [6015/6047] Built Mathlib.Analysis.InnerProductSpace.LinearPMap (26s)
✔ [6016/6050] Built Mathlib.RingTheory.Polynomial.Cyclotomic.Eval (20s)
✔ [6017/6051] Built Mathlib.Analysis.Distribution.SchwartzSpace.Deriv (33s)
✔ [6018/6051] Built Mathlib.Analysis.InnerProductSpace.MeanErgodic (21s)
✔ [6019/6052] Built Mathlib.Analysis.InnerProductSpace.StarOrder (22s)
✔ [6020/6052] Built Mathlib.Analysis.InnerProductSpace.Trace (19s)
✔ [6021/6054] Built Mathlib.LinearAlgebra.Complex.Orientation (16s)
✔ [6022/6055] Built Mathlib.Analysis.InnerProductSpace.Reproducing (50s)
✔ [6023/6056] Built Mathlib.NumberTheory.Cyclotomic.Basic (32s)
✔ [6024/6056] Built Mathlib.Analysis.LocallyConvex.AbsConvexOpen (17s)
✔ [6025/6057] Built Mathlib.Topology.MetricSpace.HausdorffDimension (28s)
✔ [6026/6057] Built Mathlib.Geometry.Euclidean.Volume.Measure (29s)
✔ [6027/6057] Built Mathlib.Analysis.LocallyConvex.ContinuousOfBounded (18s)
✔ [6028/6057] Built Mathlib.Analysis.InnerProductSpace.TensorProduct (62s)
✔ [6029/6059] Built Mathlib.Analysis.LocallyConvex.Montel (18s)
✔ [6030/6059] Built Mathlib.Analysis.LocallyConvex.StrongTopology (16s)
✔ [6031/6059] Built Mathlib.Analysis.LocallyConvex.WeakSpace (18s)
✔ [6032/6059] Built Mathlib.Analysis.LocallyConvex.WeakOperatorTopology (36s)
✔ [6033/6062] Built Mathlib.RingTheory.RootsOfUnity.AlgebraicallyClosed (17s)
✔ [6035/6067] Built Mathlib.Analysis.Matrix.MeasurableSpace (15s)
✔ [6037/6069] Built Mathlib.Analysis.InnerProductSpace.TwoDim (28s)
✔ [6038/6071] Built Mathlib.Analysis.Distribution.SchwartzSpace.Fourier (37s)
✔ [6039/6071] Built Mathlib.NumberTheory.Cyclotomic.PrimitiveRoots (23s)
✔ [6040/6071] Built Mathlib.Analysis.Matrix.LDL (19s)
✔ [6041/6071] Built Mathlib.Analysis.InnerProductSpace.NormDet (27s)
✔ [6042/6073] Built Mathlib.Analysis.MellinTransform (24s)
✔ [6043/6074] Built Mathlib.Analysis.InnerProductSpace.WeakOperatorTopology (21s)
✔ [6044/6074] Built Mathlib.Analysis.LocallyConvex.PointwiseConvergence (22s)
✔ [6045/6074] Built Mathlib.Analysis.SpecialFunctions.Trigonometric.EulerSineProd (21s)
✔ [6046/6075] Built Mathlib.Topology.Algebra.AsymptoticCone (20s)
✔ [6047/6075] Built Mathlib.Analysis.InnerProductSpace.Coalgebra (33s)
✔ [6048/6075] Built Mathlib.Analysis.Meromorphic.LogDeriv (22s)
✔ [6049/6078] Built Mathlib.Analysis.Fourier.PoissonSummation (22s)
✔ [6050/6080] Built Mathlib.Analysis.Distribution.TestFunction (69s)
✔ [6051/6081] Built Mathlib.LinearAlgebra.AffineSpace.Ceva (17s)
✔ [6052/6081] Built Mathlib.Analysis.Fourier.Convolution (30s)
✔ [6053/6081] Built Mathlib.NumberTheory.LegendreSymbol.AddCharacter (19s)
✔ [6054/6081] Built Mathlib.Analysis.MellinInversion (18s)
✔ [6055/6081] Built Mathlib.Analysis.Normed.Affine.Simplex (15s)
✔ [6056/6084] Built Mathlib.Analysis.Normed.Affine.AsymptoticCone (17s)
✔ [6057/6084] Built Mathlib.Analysis.Normed.Affine.MazurUlam (18s)
✔ [6058/6084] Built Mathlib.Analysis.SpecialFunctions.Gamma.Deriv (24s)
✔ [6059/6087] Built Mathlib.Topology.Algebra.ContinuousAffineMap.Topology (26s)
✔ [6060/6087] Built Mathlib.Topology.Instances.TrivSqZeroExt (19s)
✔ [6061/6087] Built Mathlib.Analysis.Normed.Affine.Ceva (14s)
✔ [6062/6089] Built Mathlib.Analysis.Polynomial.Factorization (19s)
✔ [6063/6089] Built Mathlib.Analysis.Normed.Algebra.MatrixExponential (17s)
✔ [6064/6089] Built Mathlib.Analysis.Distribution.TemperedDistribution (48s)
✔ [6065/6089] Built Mathlib.Analysis.Distribution.Distribution (26s)
✔ [6066/6089] Built Mathlib.NumberTheory.GaussSum (21s)
✔ [6067/6089] Built Mathlib.Analysis.SpecialFunctions.Trigonometric.Series (16s)
✔ [6068/6089] Built Mathlib.Analysis.Normed.Ring.Ultra (15s)
✔ [6069/6090] Built Mathlib.Analysis.SpecialFunctions.Gamma.BohrMollerup (20s)
✔ [6070/6096] Built Mathlib.Analysis.SpecialFunctions.Complex.CircleAddChar (24s)
✔ [6071/6097] Built Mathlib.Analysis.Quaternion (24s)
✔ [6073/6103] Built Mathlib.Analysis.Normed.Affine.ContinuousAffineMap (20s)
✔ [6074/6104] Built Mathlib.Analysis.Normed.Unbundled.RingSeminorm (18s)
✔ [6075/6104] Built Mathlib.Analysis.Normed.Algebra.GelfandMazur (21s)
✔ [6076/6105] Built Mathlib.NumberTheory.DirichletCharacter.GaussSum (17s)
✔ [6077/6105] Built Mathlib.Analysis.Normed.Field.Ultra (15s)
✔ [6078/6105] Built Mathlib.Analysis.Normed.Algebra.TrivSqZeroExt (28s)
✔ [6079/6105] Built Mathlib.Topology.MetricSpace.Sequences (13s)
✔ [6080/6106] Built Mathlib.FieldTheory.Minpoly.IsConjRoot (17s)
✔ [6081/6106] Built Mathlib.Analysis.Distribution.FourierMultiplier (28s)
✔ [6082/6106] Built Mathlib.Analysis.Normed.Algebra.QuaternionExponential (17s)
✔ [6083/6107] Built Mathlib.Analysis.Distribution.Support (26s)
✔ [6084/6107] Built Mathlib.Analysis.Fourier.LpSpace (32s)
✔ [6085/6107] Built Mathlib.Analysis.SpecialFunctions.Gamma.Beta (24s)
✔ [6086/6108] Built Mathlib.Analysis.Normed.Field.Instances (16s)
✔ [6087/6108] Built Mathlib.Analysis.Normed.Unbundled.SeminormFromConst (18s)
✔ [6088/6109] Built Mathlib.Analysis.Normed.Unbundled.SeminormFromBounded (17s)
✔ [6089/6109] Built Mathlib.Analysis.Normed.Field.ProperSpace (17s)
✔ [6090/6110] Built Mathlib.Analysis.Normed.Group.CocompactMap (14s)
✔ [6091/6114] Built Mathlib.Analysis.Normed.Algebra.Ultra (14s)
✔ [6092/6115] Built Mathlib.Analysis.Normed.Unbundled.AlgebraNorm (21s)
✔ [6093/6115] Built Mathlib.Analysis.Normed.Field.Approximation (21s)
✔ [6094/6117] Built Mathlib.Analysis.Normed.Group.Completeness (15s)
✔ [6096/6118] Built Mathlib.Analysis.Normed.Algebra.DualNumber (19s)
✔ [6097/6119] Built Mathlib.Analysis.Normed.Unbundled.SmoothingSeminorm (19s)
✔ [6098/6119] Built Mathlib.Analysis.Fourier.ZMod (23s)
✔ [6099/6120] Built Mathlib.Analysis.Normed.Group.ControlledClosure (19s)
✔ [6100/6121] Built Mathlib.Analysis.Meromorphic.Complex (16s)
✔ [6101/6122] Built Mathlib.Analysis.Normed.Group.HomCompletion (14s)
✔ [6102/6122] Built Mathlib.Analysis.Normed.Unbundled.IsPowMulFaithful (19s)
✔ [6103/6122] Built Mathlib.Topology.Algebra.SeparationQuotient.Hom (19s)
✔ [6104/6125] Built Mathlib.Analysis.Normed.Group.Tannery (20s)
✔ [6105/6127] Built Mathlib.Analysis.Distribution.Sobolev (27s)
✔ [6106/6127] Built Mathlib.Analysis.Normed.Group.SemiNormedGrp (23s)
✔ [6107/6130] Built Mathlib.Analysis.Normed.Lp.Finsupp (18s)
✔ [6108/6131] Built Mathlib.Analysis.Normed.Lp.LpEquiv (19s)
✔ [6109/6132] Built Mathlib.Analysis.Normed.Unbundled.FiniteExtension (20s)
✔ [6110/6132] Built Mathlib.Analysis.Normed.Module.Ball.RadialEquiv (19s)
✔ [6111/6132] Built Mathlib.Analysis.Normed.Module.ContinuousInverse (17s)
✔ [6112/6137] Built Mathlib.Analysis.Normed.Module.DoubleDual (22s)
✔ [6113/6138] Built Mathlib.Analysis.Normed.Group.SeparationQuotient (15s)
✔ [6114/6139] Built Mathlib.Topology.Algebra.InfiniteSum.Field (15s)
✔ [6115/6139] Built Mathlib.Analysis.Normed.Module.MStructure (17s)
✔ [6116/6139] Built Mathlib.Topology.MetricSpace.TransferInstance (14s)
✔ [6117/6142] Built Mathlib.Analysis.Normed.Group.SemiNormedGrp.Completion (19s)
✔ [6118/6144] Built Mathlib.Analysis.Normed.Group.SemiNormedGrp.Kernels (19s)
✔ [6119/6145] Built Mathlib.Analysis.Normed.Operator.Compact (14s)
✔ [6120/6146] Built Mathlib.Analysis.Normed.Unbundled.InvariantExtension (18s)
✔ [6121/6146] Built Mathlib.Analysis.Normed.Lp.lpHolder (41s)
✔ [6122/6147] Built Mathlib.Analysis.Normed.Operator.FredholmAlternative (13s)
✔ [6123/6148] Built Mathlib.Analysis.Normed.Module.PiTensorProduct.ProjectiveSeminorm (27s)
✔ [6124/6148] Built Mathlib.Topology.Maps.Strict.Group (15s)
✔ [6125/6149] Built Mathlib.Analysis.Normed.Order.Hom.Basic (16s)
✔ [6126/6149] Built Mathlib.Analysis.Normed.Module.TransferInstance (15s)
✔ [6127/6150] Built Mathlib.Topology.Algebra.Order.UpperLower (13s)
✔ [6128/6150] Built Mathlib.Analysis.SpecialFunctions.Log.Summable (19s)
✔ [6129/6151] Built Mathlib.Analysis.Normed.Ring.Int (14s)
✔ [6130/6151] Built Mathlib.Analysis.NormedSpace.FunctionSeries (13s)
✔ [6131/6151] Built Mathlib.Analysis.NormedSpace.OperatorNorm.Completeness (13s)
✔ [6132/6151] Built Mathlib.Analysis.NormedSpace.OperatorNorm.NNNorm (13s)
✔ [6133/6151] Built Mathlib.Analysis.NormedSpace.OperatorNorm.Prod (13s)
✔ [6134/6151] Built Mathlib.Analysis.Normed.Operator.ContinuousAlgEquiv (35s)
✔ [6135/6159] Built Mathlib.Analysis.NormedSpace.RCLike (12s)
✔ [6139/6160] Built Mathlib.Topology.Maps.Strict.Module (14s)
✔ [6141/6160] Built Mathlib.Analysis.Normed.Order.Hom.Ultra (15s)
✔ [6142/6161] Built Mathlib.Analysis.NormedSpace.Real (14s)
✔ [6144/6161] Built Mathlib.Analysis.Normed.Module.Shrink (15s)
✔ [6145/6167] Built Mathlib.Analysis.Normed.Order.UpperLower (16s)
✔ [6146/6168] Built Mathlib.Analysis.Normed.Unbundled.SpectralNorm (26s)
✔ [6147/6170] Built Mathlib.Analysis.Normed.Module.PiTensorProduct.InjectiveSeminorm (25s)
✔ [6150/6173] Built Mathlib.Analysis.ODE.Basic (15s)
✔ [6152/6174] Built Mathlib.Analysis.ODE.DiscreteGronwall (16s)
✔ [6153/6174] Built Mathlib.Analysis.Normed.Ring.InfiniteProd (19s)
✔ [6154/6175] Built Mathlib.Analysis.PSeriesComplex (17s)
✔ [6155/6175] Built Mathlib.Analysis.Normed.Module.MultipliableUniformlyOn (22s)
✔ [6156/6180] Built Mathlib.Analysis.Polynomial.CauchyBound (17s)
✔ [6159/6181] Built Mathlib.Analysis.Rat.NatSqrt.Real (14s)
✔ [6160/6182] Built Mathlib.Analysis.Polynomial.Basic (22s)
✔ [6161/6182] Built Mathlib.Analysis.Polynomial.Fourier (19s)
✔ [6162/6183] Built Mathlib.Analysis.Normed.Operator.Perturbation.StrictByFinite (21s)
✔ [6163/6183] Built Mathlib.RingTheory.MvPowerSeries.GaussNorm (21s)
✔ [6164/6184] Built Mathlib.Analysis.ODE.Transform (17s)
✔ [6165/6184] Built Mathlib.Analysis.Normed.Field.Krasner (20s)
✔ [6166/6185] Built Mathlib.Analysis.Real.OfDigits (17s)
✔ [6167/6185] Built Mathlib.Analysis.Real.Pi.Chudnovsky (16s)
✔ [6168/6186] Built Mathlib.Analysis.Real.Hyperreal (19s)
✔ [6169/6187] Built Mathlib.Analysis.Real.Pi.Bounds (21s)
✔ [6170/6188] Built Mathlib.Analysis.SpecialFunctions.Complex.Arctan (19s)
✔ [6171/6188] Built Mathlib.Analysis.Seminorm (16s)
✔ [6172/6188] Built Mathlib.Analysis.Polynomial.Order (17s)
✔ [6173/6188] Built Mathlib.RingTheory.PowerSeries.GaussNorm (15s)
✔ [6174/6194] Built Mathlib.Analysis.Real.Pi.Wallis (20s)
✔ [6175/6195] Built Mathlib.Analysis.SpecialFunctions.Arcosh (18s)
✔ [6176/6196] Built Mathlib.Analysis.Real.Pi.Irrational (23s)
✔ [6177/6197] Built Mathlib.Analysis.SpecialFunctions.ArithmeticGeometricMean (18s)
✔ [6178/6198] Built Mathlib.Analysis.SpecialFunctions.Artanh (17s)
✔ [6179/6198] Built Mathlib.Analysis.Normed.Operator.Fredholm.Basic (26s)
✔ [6180/6203] Built Mathlib.Analysis.SpecialFunctions.Choose (16s)
✔ [6182/6203] Built Mathlib.Analysis.Normed.Field.Dense (22s)
✔ [6183/6207] Built Mathlib.Analysis.SpecialFunctions.CompareExp (15s)
✔ [6185/6207] Built Mathlib.Analysis.SpecialFunctions.BinaryEntropy (22s)
✔ [6186/6207] Built Mathlib.RingTheory.Polynomial.GaussNorm (20s)
✔ [6188/6211] Built Mathlib.Analysis.Real.Pi.Leibniz (23s)
✔ [6191/6214] Built Mathlib.Analysis.SpecialFunctions.ContinuousFunctionalCalculus.Rpow.Measurable (19s)
✔ [6193/6215] Built Mathlib.Analysis.SpecialFunctions.Log.RpowTendsto (20s)
✔ [6195/6217] Built Mathlib.Analysis.SpecialFunctions.ContinuousFunctionalCalculus.Rpow.ConjSqrt (25s)
✔ [6196/6218] Built Mathlib.Analysis.SpecialFunctions.FrullaniIntegral (23s)
✔ [6197/6219] Built Mathlib.Analysis.SpecialFunctions.Gamma.Deligne (21s)
✔ [6198/6219] Built Mathlib.NumberTheory.Harmonic.EulerMascheroni (19s)
✔ [6199/6219] Built Mathlib.Analysis.SpecialFunctions.Log.Monotone (19s)
✔ [6200/6223] Built Mathlib.Analysis.SpecialFunctions.Gaussian.PoissonSummation (21s)
✔ [6201/6224] Built Mathlib.Analysis.SpecialFunctions.Log.Base (21s)
✔ [6202/6224] Built Mathlib.Analysis.Polynomial.Norm (18s)
✔ [6203/6226] Built Mathlib.Analysis.SpecialFunctions.Pochhammer (19s)
✔ [6204/6226] Built Mathlib.MeasureTheory.Constructions.HaarToSphere (26s)
✔ [6205/6231] Built Mathlib.Analysis.SpecialFunctions.RegularizedHypergeometric (26s)
✔ [6207/6231] Built Mathlib.Analysis.SpecialFunctions.Trigonometric.Chebyshev.Basic (18s)
✔ [6208/6232] Built Mathlib.MeasureTheory.Constructions.Polish.EmbeddingReal (20s)
✔ [6209/6232] Built Mathlib.Analysis.SpecialFunctions.Trigonometric.InverseDeriv (21s)
✔ [6210/6232] Built Mathlib.NumberTheory.Harmonic.GammaDeriv (26s)
✔ [6211/6232] Built Mathlib.NumberTheory.Niven (20s)
✔ [6212/6232] Built Mathlib.MeasureTheory.Integral.IntervalIntegral.ContDiff (24s)
✔ [6213/6232] Built Mathlib.Analysis.SpecialFunctions.Stirling (29s)
✔ [6214/6233] Built Mathlib.Analysis.Polynomial.MahlerMeasure (24s)
✔ [6215/6239] Built Mathlib.Topology.Algebra.InfiniteSum.TsumUniformlyOn (17s)
✔ [6219/6239] Built Mathlib.Analysis.SpecialFunctions.Trigonometric.Meromorphic (15s)
✔ [6220/6240] Built Mathlib.Analysis.SpecialFunctions.Pow.Integral (21s)
✔ [6221/6241] Built Mathlib.Analysis.SpecialFunctions.ContinuousFunctionalCalculus.Rpow.RingInverseOrder (46s)
✔ [6222/6241] Built Mathlib.NumberTheory.ModularForms.EisensteinSeries.Summable (20s)
✔ [6223/6242] Built Mathlib.Analysis.SpecialFunctions.Elliptic.Weierstrass (67s)
✔ [6224/6243] Built Mathlib.Analysis.SpecialFunctions.Trigonometric.Chebyshev.Extremal (21s)
✔ [6225/6243] Built Mathlib.Analysis.SpecificLimits.ArithmeticGeometric (16s)
✔ [6226/6246] Built Mathlib.Analysis.SpecialFunctions.Gamma.Digamma (19s)
✔ [6227/6248] Built Mathlib.Analysis.SpecialFunctions.Sigmoid (22s)
✔ [6228/6250] Built Mathlib.Analysis.SpecialFunctions.Trigonometric.Chebyshev.RootsExtrema (22s)
✔ [6229/6253] Built Mathlib.Analysis.Subadditive (15s)
✔ [6230/6253] Built Mathlib.Analysis.SpecialFunctions.Trigonometric.Chebyshev.Orthogonality (22s)
✔ [6231/6253] Built Mathlib.NumberTheory.Real.GoldenRatio (21s)
✔ [6232/6254] Built Mathlib.Analysis.SpecificLimits.FloorPow (24s)
✔ [6233/6257] Built Mathlib.CategoryTheory.Preadditive.Yoneda.Projective (13s)
✔ [6234/6257] Built Mathlib.Analysis.SumIntegralComparisons (25s)
✔ [6235/6257] Built Mathlib.CategoryTheory.Generator.Preadditive (14s)
✔ [6236/6257] Built Mathlib.CategoryTheory.Preadditive.Yoneda.Limits (17s)
✔ [6237/6261] Built Mathlib.CategoryTheory.Limits.FunctorToTypes (13s)
✔ [6238/6261] Built Mathlib.Analysis.SpecialFunctions.Trigonometric.Cotangent (28s)
✔ [6239/6263] Built Mathlib.Analysis.VonNeumannAlgebra.Basic (25s)
✔ [6240/6270] Built Mathlib.CategoryTheory.Abelian.DiagramLemmas.KernelCokernelComp (26s)
✔ [6241/6273] Built Mathlib.CategoryTheory.Limits.Preserves.Yoneda (19s)
✔ [6242/6273] Built Mathlib.CategoryTheory.Filtered.Small (15s)
✔ [6243/6275] Built Mathlib.Analysis.SpecificLimits.Fibonacci (20s)
✔ [6244/6275] Built Mathlib.CategoryTheory.Limits.Preserves.Presheaf (14s)
✔ [6245/6277] Built Mathlib.CategoryTheory.Generator.Abelian (14s)
✔ [6246/6277] Built Mathlib.Analysis.SpecialFunctions.ContinuousFunctionalCalculus.Rpow.IntegralRepresentation (42s)
✔ [6247/6277] Built Mathlib.Analysis.SpecialFunctions.Trigonometric.Chebyshev.ChebyshevGauss (26s)
✔ [6248/6279] Built Mathlib.Analysis.SumIntegralExpDecay (18s)
✔ [6249/6284] Built Mathlib.CategoryTheory.Abelian.Projective.Basic (16s)
✔ [6250/6284] Built Mathlib.CategoryTheory.Limits.FunctorCategory.Shapes.Products (12s)
✔ [6251/6285] Built Mathlib.CategoryTheory.Limits.FunctorCategory.Filtered (13s)
✔ [6252/6285] Built Mathlib.CategoryTheory.Limits.IndYoneda (17s)
✔ [6253/6286] Built Mathlib.CategoryTheory.Comma.Presheaf.Colimit (12s)
✔ [6254/6287] Built Mathlib.CategoryTheory.Comma.StructuredArrow.CommaMap (21s)
✔ [6255/6290] Built Mathlib.CategoryTheory.Abelian.GrothendieckAxioms.Connected (12s)
✔ [6256/6291] Built Mathlib.CategoryTheory.Preadditive.LiftToFinset (11s)
✔ [6257/6291] Built Mathlib.CategoryTheory.Limits.Indization.IndObject (14s)
✔ [6258/6291] Built Mathlib.CategoryTheory.Abelian.GrothendieckCategory.Coseparator (14s)
✔ [6259/6294] Built Mathlib.CategoryTheory.Abelian.Monomorphisms (12s)
✔ [6260/6295] Built Mathlib.CategoryTheory.Preadditive.Yoneda.Injective (13s)
✔ [6261/6295] Built Mathlib.CategoryTheory.Preadditive.Injective.Resolution (15s)
✔ [6262/6296] Built Mathlib.CategoryTheory.Abelian.Yoneda (15s)
✔ [6263/6296] Built Mathlib.CategoryTheory.Abelian.Preradical.Basic (12s)
✔ [6264/6296] Built Mathlib.CategoryTheory.Comma.Final (12s)
✔ [6265/6296] Built Mathlib.Analysis.SpecialFunctions.ContinuousFunctionalCalculus.Rpow.Order (22s)
✔ [6266/6296] Built Mathlib.CategoryTheory.Limits.FilteredColimitCommutesProduct (19s)
✔ [6267/6296] Built Mathlib.CategoryTheory.Limits.Indization.FilteredColimits (13s)
✔ [6268/6299] Built Mathlib.CategoryTheory.Abelian.Pseudoelements (15s)
✔ [6269/6299] Built Mathlib.CategoryTheory.Abelian.Projective.Extend (17s)
✔ [6270/6299] Built Mathlib.CategoryTheory.Limits.Indization.LocallySmall (14s)
✔ [6272/6301] Built Mathlib.CategoryTheory.Limits.Shapes.Pullback.IsPullback.Kernels (13s)
✔ [6273/6302] Built Mathlib.CategoryTheory.Abelian.GrothendieckCategory.ModuleEmbedding.GabrielPopescu (18s)
✔ [6274/6302] Built Mathlib.CategoryTheory.Abelian.Injective.Basic (14s)
✔ [6275/6303] Built Mathlib.CategoryTheory.Abelian.Injective.Extend (15s)
✔ [6276/6303] Built Mathlib.CategoryTheory.Abelian.ShortExact (12s)
✔ [6277/6304] Built Mathlib.CategoryTheory.Abelian.Injective.Resolution (19s)
✔ [6278/6306] Built Mathlib.CategoryTheory.Limits.Indization.Products (11s)
✔ [6279/6307] Built Mathlib.CategoryTheory.Limits.Indization.ParallelPair (13s)
✔ [6280/6309] Built Mathlib.CategoryTheory.Abelian.GrothendieckCategory.ModuleEmbedding.Opposite (18s)
✔ [6281/6310] Built Mathlib.CategoryTheory.Abelian.Preradical.Colon (15s)
✔ [6282/6310] Built Mathlib.CategoryTheory.ObjectProperty.Kernels (14s)
✔ [6283/6311] Built Mathlib.CategoryTheory.Abelian.SerreClass.MorphismProperty (13s)
✔ [6284/6311] Built Mathlib.CategoryTheory.Abelian.Projective.Ext (18s)
✔ [6285/6312] Built Mathlib.Analysis.SpecialFunctions.ContinuousFunctionalCalculus.ExpLog.Order (24s)
✔ [6286/6312] Built Mathlib.CategoryTheory.Limits.Indization.Equalizers (12s)
✔ [6287/6312] Built Mathlib.CategoryTheory.Linear.FunctorCategory (12s)
✔ [6288/6313] Built Mathlib.GroupTheory.SemidirectProduct (19s)
✔ [6289/6313] Built Mathlib.CategoryTheory.Monoidal.Rigid.OfEquivalence (13s)
✔ [6290/6314] Built Mathlib.CategoryTheory.Monoidal.Rigid.FunctorCategory (16s)
✔ [6291/6314] Built Mathlib.CategoryTheory.Abelian.Preradical.Radical (13s)
✔ [6292/6315] Built Mathlib.CategoryTheory.Abelian.Injective.Ext (21s)
✔ [6293/6315] Built Mathlib.CategoryTheory.Action.Basic (22s)
✔ [6294/6315] Built Mathlib.CategoryTheory.Adhesive (12s)
✔ [6295/6317] Built Mathlib.CategoryTheory.Abelian.RightDerived (22s)
✔ [6296/6317] Built Mathlib.CategoryTheory.Abelian.Subcategory (15s)
✔ [6297/6318] Built Mathlib.CategoryTheory.Adhesive.Over (12s)
✔ [6298/6318] Built Mathlib.CategoryTheory.Abelian.SerreClass.Bousfield (12s)
✔ [6299/6320] Built Mathlib.CategoryTheory.Adhesive.PushoutProduct (13s)
✔ [6300/6322] Built Mathlib.CategoryTheory.Limits.Indization.Category (15s)
✔ [6301/6324] Built Mathlib.CategoryTheory.Abelian.SerreClass.Localization (17s)
✔ [6306/6332] Built Mathlib.CategoryTheory.Action (14s)
✔ [6321/6345] Built Mathlib.CategoryTheory.Adjunction.FullyFaithfulLimits (14s)
✔ [6325/6350] Built Mathlib.CategoryTheory.Adhesive.Subobject (15s)
✔ [6327/6351] Built Mathlib.CategoryTheory.Adjunction.Evaluation (17s)
✔ [6329/6351] Built Mathlib.CategoryTheory.Monad.Coequalizer (11s)
✔ [6330/6356] Built Mathlib.CategoryTheory.Action.Limits (18s)
✔ [6332/6357] Built Mathlib.CategoryTheory.Action.Concrete (15s)
✔ [6334/6357] Built Mathlib.CategoryTheory.Adjunction.Lifting.Right (15s)
✔ [6335/6358] Built Mathlib.CategoryTheory.Adjunction.Triple (14s)
✔ [6338/6360] Built Mathlib.CategoryTheory.Preadditive.Indization (12s)
✔ [6340/6361] Built Mathlib.CategoryTheory.Action.Continuous (25s)
✔ [6341/6361] Built Mathlib.CategoryTheory.Bicategory.Monad.Basic (16s)
✔ [6346/6366] Built Mathlib.CategoryTheory.Bicategory.Extension (18s)
✔ [6349/6367] Built Mathlib.CategoryTheory.Adjunction.Lifting.Left (14s)
✔ [6351/6367] Built Mathlib.CategoryTheory.Category.Cat.Colimit (12s)
✔ [6352/6370] Built Mathlib.CategoryTheory.Bicategory.RetractArrow (20s)
✔ [6355/6379] Built Mathlib.CategoryTheory.Adjunction.Quadruple (12s)
✔ [6356/6379] Built Mathlib.CategoryTheory.Generator.Indization (14s)
✔ [6360/6386] Built Mathlib.CategoryTheory.Category.Cat.Limit (17s)
✔ [6361/6387] Built Mathlib.CategoryTheory.Bicategory.Kan.IsKan (13s)
✔ [6362/6387] Built Mathlib.CategoryTheory.Bicategory.Yoneda (25s)
✔ [6363/6389] Built Mathlib.CategoryTheory.Comma.StructuredArrow.Final (13s)
✔ [6365/6391] Built Mathlib.CategoryTheory.CopyDiscardCategory.Basic (10s)
✔ [6366/6392] Built Mathlib.CategoryTheory.Action.Monoidal (24s)
✔ [6367/6393] Built Mathlib.CategoryTheory.Localization.Bifunctor (13s)
✔ [6368/6393] Built Mathlib.CategoryTheory.Monoidal.Cartesian.Comon_ (17s)
✔ [6369/6394] Built Mathlib.CategoryTheory.EffectiveEpi.Coproduct (13s)
✔ [6370/6394] Built Mathlib.CategoryTheory.Distributive.Monoidal (14s)
✔ [6371/6395] Built Mathlib.CategoryTheory.Dialectica.Basic (16s)
✔ [6372/6396] Built Mathlib.CategoryTheory.CopyDiscardCategory.Deterministic (10s)
✔ [6373/6397] Built Mathlib.CategoryTheory.EffectiveEpi.Enough (11s)
✔ [6374/6398] Built Mathlib.CategoryTheory.Bicategory.Span.Basic (41s)
✔ [6375/6399] Built Mathlib.CategoryTheory.Bicategory.Kan.HasKan (15s)
✔ [6377/6399] Built Mathlib.CategoryTheory.Enriched.EnrichedCat (17s)
✔ [6378/6410] Built Mathlib.CategoryTheory.Enriched.HomCongr (12s)
✔ [6387/6411] Built Mathlib.CategoryTheory.Enriched.Limits.HasConicalLimits (11s)
✔ [6388/6411] Built Mathlib.CategoryTheory.Limits.Shapes.End (15s)
✔ [6389/6412] Built Mathlib.CategoryTheory.EffectiveEpi.Extensive (13s)
✔ [6390/6412] Built Mathlib.CategoryTheory.Distributive.Cartesian (14s)
✔ [6391/6412] Built Mathlib.CategoryTheory.CopyDiscardCategory.Cartesian (13s)
✔ [6392/6414] Built Mathlib.CategoryTheory.Abelian.Indization (42s)
✔ [6393/6415] Built Mathlib.CategoryTheory.Enriched.Opposite (14s)
✔ [6394/6416] Built Mathlib.CategoryTheory.Localization.Trifunctor (21s)
✔ [6395/6416] Built Mathlib.CategoryTheory.Dialectica.Monoidal (18s)
✔ [6396/6418] Built Mathlib.CategoryTheory.Filtered.OfColimitCommutesFiniteLimit (11s)
✔ [6397/6418] Built Mathlib.CategoryTheory.Enriched.Limits.HasConicalPullbacks (12s)
✔ [6398/6420] Built Mathlib.CategoryTheory.Enriched.Limits.HasConicalProducts (11s)
✔ [6400/6421] Built Mathlib.CategoryTheory.Bicategory.Kan.Adjunction (17s)
✔ [6401/6421] Built Mathlib.CategoryTheory.Limits.Preserves.Grothendieck (14s)
✔ [6402/6421] Built Mathlib.CategoryTheory.EquivalenceRelation (18s)
✔ [6403/6424] Built Mathlib.CategoryTheory.Filtered.Grothendieck (11s)
✔ [6404/6424] Built Mathlib.CategoryTheory.Abelian.GrothendieckAxioms.Indization (13s)
✔ [6405/6424] Built Mathlib.CategoryTheory.Functor.Derived.LeftDerivedTriangulated (14s)
✔ [6406/6430] Built Mathlib.CategoryTheory.Functor.Derived.RightDerivedCommShift (15s)
✔ [6407/6430] Built Mathlib.CategoryTheory.Enriched.Limits.HasConicalTerminal (11s)
✔ [6408/6439] Built Mathlib.CategoryTheory.Enriched.FunctorCategory (22s)
✔ [6409/6440] Built Mathlib.CategoryTheory.Functor.Derived.LeftDerived (17s)
✔ [6410/6440] Built Mathlib.CategoryTheory.Functor.ReflectsIso.Limits (13s)
✔ [6411/6441] Built Mathlib.CategoryTheory.Functor.ReflectsIso.Exact (14s)
✔ [6412/6442] Built Mathlib.CategoryTheory.Functor.Derived.RightDerivedTriangulated (16s)
✔ [6416/6445] Built Mathlib.CategoryTheory.Localization.Monoidal.Basic (19s)
✔ [6417/6446] Built Mathlib.CategoryTheory.Filtered.CostructuredArrow (13s)
✔ [6419/6447] Built Mathlib.CategoryTheory.Limits.FintypeCat (14s)
✔ [6420/6448] Built Mathlib.CategoryTheory.Abelian.FreydMitchell (13s)
✔ [6422/6448] Built Mathlib.CategoryTheory.Limits.Shapes.SingleObj (12s)
✔ [6423/6451] Built Mathlib.Topology.Category.FinTopCat (13s)
✔ [6426/6455] Built Mathlib.CategoryTheory.Generator.Type (13s)
✔ [6430/6456] Built Mathlib.CategoryTheory.Limits.Shapes.CombinedProducts (15s)
✔ [6431/6457] Built Mathlib.CategoryTheory.Functor.Derived.PointwiseLeftDerived (15s)
✔ [6432/6458] Built Mathlib.CategoryTheory.Filtered.Flat (13s)
✔ [6433/6459] Built Mathlib.CategoryTheory.Functor.Derived.Adjunction (15s)
✔ [6434/6459] Built Mathlib.CategoryTheory.Monoidal.Widesubcategory (15s)
✔ [6435/6459] Built Mathlib.CategoryTheory.GradedObject.Braiding (18s)
✔ [6436/6462] Built Mathlib.CategoryTheory.Groupoid.FreeGroupoidOfCategory (18s)
✔ [6437/6462] Built Mathlib.CategoryTheory.GuitartExact.Over (16s)
✔ [6438/6466] Built Mathlib.CategoryTheory.Idempotents.Biproducts (13s)
✔ [6439/6467] Built Mathlib.CategoryTheory.LiftingProperties.PushoutProduct (12s)
✔ [6440/6469] Built Mathlib.CategoryTheory.Join.Final (12s)
✔ [6442/6470] Built Mathlib.CategoryTheory.Galois.Basic (18s)
✔ [6443/6470] Built Mathlib.CategoryTheory.Limits.Chosen.End (16s)
✔ [6444/6470] Built Mathlib.CategoryTheory.Limits.Constructions.WidePullbackOfTerminal (12s)
✔ [6445/6470] Built Mathlib.CategoryTheory.Limits.ConstructLimitMap (15s)
✔ [6446/6473] Built Mathlib.CategoryTheory.Limits.ConcreteCategory.WithAlgebraicStructures (16s)
✔ [6447/6473] Built Mathlib.CategoryTheory.Limits.Final.ParallelPair (14s)
✔ [6448/6474] Built Mathlib.CategoryTheory.CopyDiscardCategory.Widesubcategory (14s)
✔ [6449/6475] Built Mathlib.CategoryTheory.Limits.FunctorCategory.Shapes.Images (12s)
✔ [6450/6476] Built Mathlib.CategoryTheory.Limits.FunctorCategory.BinaryBiproducts (14s)
✔ [6451/6476] Built Mathlib.CategoryTheory.Limits.FunctorCategory.Shapes.Kernels (12s)
✔ [6452/6480] Built Mathlib.CategoryTheory.Limits.Preserves.BifunctorCokernel (14s)
✔ [6454/6481] Built Mathlib.CategoryTheory.Galois.FullSubcategory (11s)
✔ [6456/6482] Built Mathlib.CategoryTheory.Limits.Preserves.Lattice (14s)
✔ [6457/6483] Built Mathlib.CategoryTheory.Galois.GaloisObjects (12s)
✔ [6458/6484] Built Mathlib.CategoryTheory.WithTerminal.FinCategory (11s)
✔ [6459/6484] Built Mathlib.CategoryTheory.Limits.Preserves.Shapes.Images (12s)
✔ [6460/6484] Built Mathlib.CategoryTheory.Limits.FormalCoproducts.Basic (26s)
✔ [6461/6484] Built Mathlib.CategoryTheory.Limits.Shapes.BinaryProducts (12s)
✔ [6462/6486] Built Mathlib.CategoryTheory.Limits.Preserves.Shapes.Square (15s)
✔ [6463/6487] Built Mathlib.CategoryTheory.Galois.Examples (18s)
✔ [6464/6488] Built Mathlib.CategoryTheory.Limits.Shapes.PiProd (13s)
✔ [6465/6488] Built Mathlib.CategoryTheory.Limits.Shapes.FunctorToTypes (16s)
✔ [6466/6492] Built Mathlib.CategoryTheory.Limits.Shapes.Pullback.ChosenPullback (15s)
✔ [6467/6494] Built Mathlib.CategoryTheory.Limits.Shapes.Pullback.IsPullback.BicartesianSq (13s)
✔ [6468/6494] Built Mathlib.CategoryTheory.Limits.SmallComplete (11s)
✔ [6469/6497] Built Mathlib.CategoryTheory.Limits.Preserves.Shapes.Over (12s)
✔ [6470/6497] Built Mathlib.CategoryTheory.Galois.Decomposition (14s)
✔ [6471/6497] Built Mathlib.CategoryTheory.Limits.FormalCoproducts (12s)
✔ [6472/6499] Built Mathlib.CategoryTheory.Limits.Types.End (14s)
✔ [6473/6506] Built Mathlib.CategoryTheory.Limits.Shapes.Pullback.EquifiberedLimits (20s)
✔ [6477/6506] Built Mathlib.CategoryTheory.Limits.WeakLimits.Basic (13s)
✔ [6478/6506] Built Mathlib.CategoryTheory.ObjectProperty.FunctorCategory.PreservesLimits (14s)
✔ [6479/6507] Built Mathlib.CategoryTheory.Limits.FormalCoproducts.Cech (18s)
✔ [6480/6508] Built Mathlib.CategoryTheory.Localization.BousfieldTransfiniteComposition (13s)
✔ [6481/6509] Built Mathlib.CategoryTheory.Localization.Pi (11s)
✔ [6482/6509] Built Mathlib.CategoryTheory.Localization.LocallySmall (11s)
✔ [6483/6511] Built Mathlib.CategoryTheory.Localization.DerivabilityStructure.OfFunctorialResolutions (13s)
✔ [6484/6513] Built Mathlib.CategoryTheory.Limits.Shapes.SequentialProduct (17s)
✔ [6485/6514] Built Mathlib.CategoryTheory.Limits.Weighted.HasWeightedLimit (16s)
✔ [6487/6515] Built Mathlib.CategoryTheory.Localization.Preadditive (11s)
✔ [6488/6516] Built Mathlib.CategoryTheory.Limits.WeakLimits.WeakEqualizers (10s)
✔ [6490/6517] Built Mathlib.Tactic.CategoryTheory.Coherence (13s)
✔ [6491/6517] Built Mathlib.CategoryTheory.Monoidal.Braided.Multifunctor (17s)
✔ [6493/6518] Built Mathlib.CategoryTheory.Galois.Prorepresentability (20s)
✔ [6494/6519] Built Mathlib.CategoryTheory.Localization.FiniteProducts (11s)
✔ [6495/6519] Built Mathlib.CategoryTheory.MarkovCategory.Basic (11s)
✔ [6497/6519] Built Mathlib.CategoryTheory.Limits.Types.PreservesLimit (15s)
✔ [6498/6519] Built Mathlib.CategoryTheory.Limits.FormalCoproducts.ExtraDegeneracy (15s)
✔ [6499/6521] Built Mathlib.CategoryTheory.Limits.Weighted.PreservesLimit (13s)
✔ [6500/6523] Built Mathlib.CategoryTheory.Monad.EquivMon (17s)
✔ [6502/6523] Built Mathlib.CategoryTheory.Monad.Monadicity (15s)
✔ [6503/6524] Built Mathlib.CategoryTheory.Limits.WeakLimits.WeakPullbacks (12s)
✔ [6504/6525] Built Mathlib.CategoryTheory.Limits.WeakLimits.WeakKernels (11s)
✔ [6505/6525] Built Mathlib.CategoryTheory.Localization.Monoidal.Functor (15s)
✔ [6506/6526] Built Mathlib.CategoryTheory.Galois.Action (14s)
✔ [6507/6528] Built Mathlib.CategoryTheory.MarkovCategory.Positive (11s)
✔ [6508/6529] Built Mathlib.CategoryTheory.Localization.Monoidal.Braided (16s)
✔ [6509/6530] Built Mathlib.CategoryTheory.Monoidal.Action.End (19s)
✔ [6510/6530] Built Mathlib.CategoryTheory.Galois.Topology (17s)
✔ [6511/6530] Built Mathlib.CategoryTheory.Monoidal.Braided.Reflection (16s)
✔ [6512/6533] Built Mathlib.CategoryTheory.Monoidal.Action.Opposites (23s)
✔ [6513/6535] Built Mathlib.CategoryTheory.Monoidal.Braided.Transport (14s)
✔ [6514/6535] Built Mathlib.CategoryTheory.LocallyCartesianClosed.ChosenPullbacksAlong (44s)
✔ [6515/6535] Built Mathlib.CategoryTheory.Monoidal.Arrow (22s)
✔ [6516/6537] Built Mathlib.CategoryTheory.Monoidal.Cartesian.Grp_ (11s)
✔ [6517/6538] Built Mathlib.CategoryTheory.Galois.Full (17s)
✔ [6518/6538] Built Mathlib.CategoryTheory.Monoidal.Cartesian.InfSemilattice (13s)
✔ [6519/6539] Built Mathlib.CategoryTheory.Monoidal.Internal.Limits (19s)
✔ [6520/6540] Built Mathlib.CategoryTheory.Monoidal.Bimon_ (28s)
✔ [6521/6540] Built Mathlib.CategoryTheory.Monoidal.Cartesian.ShrinkYoneda (21s)
✔ [6522/6542] Built Mathlib.CategoryTheory.Monoidal.Bimod (31s)
✔ [6523/6545] Built Mathlib.CategoryTheory.Monoidal.Cartesian.Mon_ (12s)
✔ [6524/6546] Built Mathlib.CategoryTheory.Galois.IsFundamentalgroup (18s)
✔ [6525/6547] Built Mathlib.CategoryTheory.Monoidal.Cartesian.Normal (14s)
✔ [6526/6548] Built Mathlib.CategoryTheory.LocallyCartesianClosed.ExponentiableMorphism (13s)
✔ [6527/6549] Built Mathlib.CategoryTheory.Monoidal.Ring (16s)
✔ [6528/6549] Built Mathlib.CategoryTheory.Monoidal.Closed.Enrichment (13s)
✔ [6529/6549] Built Mathlib.CategoryTheory.Monoidal.Closed.Functor (11s)
✔ [6530/6549] Built Mathlib.CategoryTheory.Monoidal.Mod (22s)
✔ [6531/6551] Built Mathlib.CategoryTheory.Galois.EssSurj (17s)
✔ [6532/6552] Built Mathlib.CategoryTheory.Monoidal.Cartesian.GrpLimits (14s)
✔ [6533/6552] Built Mathlib.CategoryTheory.Monoidal.Closed.FunctorCategory.Groupoid (14s)
✔ [6534/6553] Built Mathlib.CategoryTheory.Monoidal.Closed.Transport (10s)
✔ [6535/6554] Built Mathlib.CategoryTheory.LocallyCartesianClosed.Over (24s)
✔ [6536/6555] Built Mathlib.CategoryTheory.Subterminal (15s)
✔ [6537/6556] Built Mathlib.CategoryTheory.Monoidal.Closed.InternalCurrying (12s)
✔ [6538/6557] Built Mathlib.CategoryTheory.Monoidal.Closed.Zero (12s)
✔ [6539/6558] Built Mathlib.CategoryTheory.Monoidal.CommComon_ (11s)
✔ [6540/6559] Built Mathlib.CategoryTheory.Monoidal.Conv (11s)
✔ [6541/6560] Built Mathlib.CategoryTheory.Monoidal.Closed.FunctorCategory.Basic (14s)
✔ [6542/6561] Built Mathlib.CategoryTheory.Monoidal.Cartesian.Ring (16s)
✔ [6543/6562] Built Mathlib.CategoryTheory.Monoidal.Cartesian.Mod (15s)
✔ [6544/6562] Built Mathlib.CategoryTheory.Monoidal.Closed.FunctorCategory.Complete (13s)
✔ [6545/6563] Built Mathlib.CategoryTheory.Monoidal.ExternalProduct.KanExtension (15s)
✔ [6546/6563] Built Mathlib.CategoryTheory.Galois.Equivalence (16s)
✔ [6547/6564] Built Mathlib.CategoryTheory.LocallyCartesianClosed.Sections (14s)
✔ [6548/6565] Built Mathlib.CategoryTheory.Monoidal.Closed.Ideal (15s)
✔ [6549/6566] Built Mathlib.CategoryTheory.Monoidal.Grp_ (11s)
✔ [6550/6567] Built Mathlib.CategoryTheory.Monoidal.Functor.Types (15s)
✔ [6551/6570] Built Mathlib.CategoryTheory.Monoidal.Free.Coherence (19s)
✔ [6552/6570] Built Mathlib.CategoryTheory.Monoidal.Hopf_ (15s)
✔ [6553/6571] Built Mathlib.CategoryTheory.Monoidal.Internal.Types.Grp_ (10s)
✔ [6554/6572] Built Mathlib.CategoryTheory.Monoidal.Cartesian.Mod_ (12s)
✔ [6555/6572] Built Mathlib.CategoryTheory.Monoidal.Limits.Basic (12s)
✔ [6556/6576] Built Mathlib.CategoryTheory.Monoidal.Mon_ (9.7s)
✔ [6557/6577] Built Mathlib.CategoryTheory.Monoidal.Limits.Cokernels (11s)
✔ [6558/6578] Built Mathlib.CategoryTheory.Monoidal.Mod_ (11s)
✔ [6559/6578] Built Mathlib.CategoryTheory.Monoidal.OfHasFiniteProducts (12s)
✔ [6560/6578] Built Mathlib.CategoryTheory.Monoidal.Internal.Module (20s)
✔ [6561/6582] Built Mathlib.CategoryTheory.Monoidal.Rigid.Braided (11s)
✔ [6562/6583] Built Mathlib.CategoryTheory.Monoidal.Rigid.Functor (11s)
✔ [6563/6584] Built Mathlib.CategoryTheory.Monoidal.Opposite.Mon (15s)
✔ [6564/6584] Built Mathlib.CategoryTheory.MorphismProperty.HasCardinalLT (12s)
✔ [6565/6585] Built Mathlib.CategoryTheory.Monoidal.Tor (15s)
✔ [6566/6586] Built Mathlib.CategoryTheory.Presentable.Dense (15s)
✔ [6567/6588] Built Mathlib.CategoryTheory.MorphismProperty.LocalEpi (11s)
✔ [6569/6589] Built Mathlib.CategoryTheory.MorphismProperty.LocalClosure (14s)
✔ [6570/6590] Built Mathlib.CategoryTheory.Subobject.ArtinianObject (13s)
✔ [6571/6591] Built Mathlib.CategoryTheory.Presentable.ColimitPresentation (19s)
✔ [6572/6591] Built Mathlib.CategoryTheory.Subobject.NoetherianObject (13s)
✔ [6573/6592] Built Mathlib.CategoryTheory.ObjectProperty.ClosureShift (13s)
✔ [6574/6592] Built Mathlib.CategoryTheory.ObjectProperty.Comma (14s)
✔ [6575/6594] Built Mathlib.CategoryTheory.Monoidal.Opposite.Mon_ (13s)
✔ [6576/6597] Built Mathlib.CategoryTheory.ObjectProperty.FiniteLimits (11s)
✔ [6577/6601] Built Mathlib.CategoryTheory.ObjectProperty.SiteLocal (12s)
✔ [6580/6601] Built Mathlib.CategoryTheory.ObjectProperty.HasCardinalLT (13s)
✔ [6581/6602] Built Mathlib.CategoryTheory.Monoidal.Internal.FunctorCategory (47s)
✔ [6582/6603] Built Mathlib.CategoryTheory.ObjectProperty.Ind (13s)
✔ [6583/6603] Built Mathlib.CategoryTheory.Preadditive.EilenbergMoore (14s)
✔ [6584/6603] Built Mathlib.CategoryTheory.Preadditive.EndoFunctor (13s)
✔ [6585/6605] Built Mathlib.CategoryTheory.Preadditive.Comma (18s)
✔ [6586/6606] Built Mathlib.CategoryTheory.Noetherian (13s)
✔ [6587/6607] Built Mathlib.CategoryTheory.Preadditive.SingleObj (11s)
✔ [6588/6607] Built Mathlib.CategoryTheory.Preadditive.Projective.Internal (11s)
✔ [6589/6607] Built Mathlib.CategoryTheory.Pi.Monoidal (24s)
✔ [6590/6609] Built Mathlib.CategoryTheory.Preadditive.OfBiproducts (12s)
✔ [6591/6610] Built Mathlib.CategoryTheory.Preadditive.Projective.LiftingProperties (11s)
✔ [6592/6612] Built Mathlib.CategoryTheory.Preadditive.HomOrthogonal (17s)
✔ [6593/6613] Built Mathlib.CategoryTheory.Monoidal.DayConvolution (56s)
✔ [6594/6614] Built Mathlib.CategoryTheory.Presentable.Adjunction (12s)
✔ [6595/6614] Built Mathlib.CategoryTheory.MorphismProperty.Ind (16s)
✔ [6596/6615] Built Mathlib.CategoryTheory.Preadditive.Schur (17s)
✔ [6597/6615] Built Mathlib.CategoryTheory.Preadditive.FreydCategory.Homotopy (15s)
✔ [6598/6616] Built Mathlib.CategoryTheory.Presentable.EssentiallyLarge (13s)
✔ [6599/6619] Built Mathlib.CategoryTheory.Presentable.CardinalPure (15s)
✔ [6601/6620] Built Mathlib.Order.Category.PartOrdEmb (16s)
✔ [6603/6620] Built Mathlib.CategoryTheory.Presentable.IsDiscrete (13s)
✔ [6604/6623] Built Mathlib.CategoryTheory.Presentable.PreservesCardinalPresentable (12s)
✔ [6605/6638] Built Mathlib.CategoryTheory.Presentable.Directed (17s)
✔ [6606/6638] Built Mathlib.CategoryTheory.Monoidal.DayConvolution.DayFunctor (17s)
✔ [6607/6641] Built Mathlib.CategoryTheory.Preadditive.Mat (23s)
✔ [6608/6642] Built Mathlib.CategoryTheory.Monoidal.DayConvolution.Braided (13s)
✔ [6609/6646] Built Mathlib.CategoryTheory.Monoidal.DayConvolution.Closed (18s)
✔ [6610/6647] Built Mathlib.CategoryTheory.Presentable.Type (13s)
✔ [6611/6648] Built Mathlib.CategoryTheory.Sites.CartesianMonoidal (12s)
✔ [6612/6648] Built Mathlib.CategoryTheory.Sites.Coherent.Basic (14s)
✔ [6613/6649] Built Mathlib.CategoryTheory.Preadditive.FreydCategory.RightFreyd (15s)
✔ [6614/6650] Built Mathlib.CategoryTheory.Sites.EpiMono (12s)
✔ [6615/6650] Built Mathlib.CategoryTheory.Presentable.OrthogonalReflection (17s)
✔ [6616/6650] Built Mathlib.CategoryTheory.Sites.Adjunction (14s)
✔ [6617/6650] Built Mathlib.CategoryTheory.Presentable.CardinalDirectedPoset (16s)
✔ [6618/6650] Built Mathlib.CategoryTheory.Sites.CoversTop (11s)
✔ [6619/6650] Built Mathlib.CategoryTheory.Sites.Descent.IsPrestack (16s)
✔ [6620/6651] Built Mathlib.CategoryTheory.Sites.Finite (12s)
✔ [6621/6651] Built Mathlib.CategoryTheory.Sites.GlobalSections (14s)
✔ [6622/6652] Built Mathlib.CategoryTheory.Sites.CartesianClosed (12s)
✔ [6623/6652] Built Mathlib.CategoryTheory.Sites.Coherent.ExtensiveSheaves (11s)
✔ [6624/6652] Built Mathlib.CategoryTheory.Sites.Coherent.ExtensiveTopology (12s)
✔ [6625/6654] Built Mathlib.CategoryTheory.Sites.Coherent.CoherentSheaves (12s)
✔ [6626/6654] Built Mathlib.CategoryTheory.Sites.Hypercover.Homotopy (14s)
✔ [6627/6655] Built Mathlib.CategoryTheory.Sites.Coherent.Comparison (13s)
✔ [6628/6655] Built Mathlib.CategoryTheory.Sites.Coherent.RegularSheaves (15s)
✔ [6629/6656] Built Mathlib.CategoryTheory.RegularCategory.Basic (14s)
✔ [6631/6656] Built Mathlib.CategoryTheory.Sites.Descent.DescentDataAsCoalgebra (24s)
✔ [6632/6661] Built Mathlib.CategoryTheory.Sites.LocalProperties (12s)
✔ [6633/6662] Built Mathlib.CategoryTheory.Sites.Hypercover.Subcanonical (13s)
✔ [6634/6662] Built Mathlib.CategoryTheory.Sites.Hypercover.Saturate (12s)
✔ [6635/6665] Built Mathlib.CategoryTheory.Sites.Coherent.CoherentTopology (13s)
✔ [6636/6665] Built Mathlib.CategoryTheory.Sites.Coherent.ExtensiveColimits (13s)
✔ [6637/6666] Built Mathlib.CategoryTheory.Sites.LocalSite (15s)
✔ [6638/6667] Built Mathlib.CategoryTheory.Presentable.SharplyLT.Basic (17s)
✔ [6639/6668] Built Mathlib.CategoryTheory.Sites.MayerVietorisSquare (19s)
✔ [6640/6668] Built Mathlib.CategoryTheory.Sites.SheafHom (16s)
✔ [6641/6668] Built Mathlib.CategoryTheory.Sites.Coherent.RegularTopology (13s)
✔ [6642/6669] Built Mathlib.CategoryTheory.Sites.Point.Comap (14s)
✔ [6643/6669] Built Mathlib.CategoryTheory.Sites.Point.Over (14s)
✔ [6644/6670] Built Mathlib.CategoryTheory.Sites.Coherent.ReflectsPrecoherent (11s)
✔ [6645/6671] Built Mathlib.CategoryTheory.Sites.Precoverage.Subsheaf (12s)
✔ [6646/6671] Built Mathlib.CategoryTheory.Sites.PreservesLimits (12s)
✔ [6647/6672] Built Mathlib.CategoryTheory.Sites.Point.OfIsCofiltered (18s)
✔ [6648/6672] Built Mathlib.CategoryTheory.Sites.Point.Presheaf (16s)
✔ [6649/6673] Built Mathlib.CategoryTheory.Sites.PseudofunctorSheafOver (15s)
✔ [6650/6673] Built Mathlib.CategoryTheory.Sites.RegularEpi (15s)
✔ [6651/6676] Built Mathlib.CategoryTheory.Presentable.SharplyLT.Lemmas (15s)
✔ [6652/6676] Built Mathlib.CategoryTheory.Sites.SheafCohomology.Cech (13s)
✔ [6653/6677] Built Mathlib.CategoryTheory.Sites.Monoidal (16s)
✔ [6654/6677] Built Mathlib.CategoryTheory.Sites.Coherent.ReflectsPreregular (12s)
✔ [6655/6678] Built Mathlib.CategoryTheory.Subfunctor.Finite (10s)
✔ [6657/6683] Built Mathlib.CategoryTheory.Sites.Precoverage.Generates (12s)
✔ [6659/6684] Built Mathlib.CategoryTheory.Sites.Types (13s)
✔ [6660/6685] Built Mathlib.CategoryTheory.Subfunctor.SubmonoidFunctor (14s)
✔ [6661/6687] Built Mathlib.CategoryTheory.Sites.Descent.DescentData (48s)
✔ [6662/6687] Built Mathlib.CategoryTheory.Sites.Point.Map (17s)
✔ [6663/6688] Built Mathlib.CategoryTheory.Subobject.Presheaf (15s)
✔ [6664/6688] Built Mathlib.CategoryTheory.Subfunctor.Subobject (15s)
✔ [6665/6689] Built Mathlib.CategoryTheory.Subobject.Types (15s)
✔ [6666/6690] Built Mathlib.CategoryTheory.Presentable.Uniformization (16s)
✔ [6667/6691] Built Mathlib.CategoryTheory.Sites.Point.Monoidal (16s)
✔ [6669/6691] Built Mathlib.CategoryTheory.Sites.Coherent.SheafComparison (18s)
✔ [6670/6691] Built Mathlib.CategoryTheory.Triangulated.Generators (16s)
✔ [6671/6693] Built Mathlib.CategoryTheory.Triangulated.Opposite.Functor (17s)
✔ [6672/6693] Built Mathlib.CategoryTheory.Sites.Descent.IsStack (13s)
✔ [6673/6693] Built Mathlib.CategoryTheory.Triangulated.TStructure.Heart (14s)
✔ [6675/6698] Built Mathlib.CategoryTheory.Triangulated.TStructure.AbelianSubcategory (19s)
✔ [6680/6704] Built Mathlib.CategoryTheory.Triangulated.WeakKernels (14s)
✔ [6685/6705] Built Mathlib.CategoryTheory.Subobject.Classifier.Defs (15s)
✔ [6686/6705] Built Mathlib.CategoryTheory.WithTerminal.Lemmas (12s)
✔ [6687/6706] Built Mathlib.CategoryTheory.Sites.Point.IsMonoidalW (14s)
✔ [6688/6711] Built Mathlib.CategoryTheory.Sites.Coherent.Equivalence (13s)
✔ [6695/6711] Built Mathlib.CategoryTheory.Sites.Coherent.LocallySurjective (13s)
✔ [6696/6712] Built Mathlib.CategoryTheory.Triangulated.TStructure.ETrunc (26s)
✔ [6697/6712] Built Mathlib.GroupTheory.Order.Min (12s)
✔ [6699/6716] Built Mathlib.CategoryTheory.Triangulated.Adjunction (16s)
✔ [6700/6723] Built Mathlib.CategoryTheory.Topos.Classifier (10s)
✔ [6706/6742] Built Mathlib.CategoryTheory.Sites.Descent.DescentDataPrime (30s)
✔ [6719/6747] Built Mathlib.Combinatorics.SimpleGraph.DegreeSum (13s)
✔ [6723/6748] Built Mathlib.CategoryTheory.Sites.Coherent.SequentialLimit (15s)
✔ [6724/6749] Built Mathlib.CategoryTheory.Topos.Sheaf (16s)
✔ [6726/6753] Built Mathlib.Combinatorics.Additive.AP.Three.Behrend (21s)
✔ [6729/6757] Built Mathlib.CategoryTheory.Sites.Descent.Precoverage (22s)
✔ [6730/6757] Built Mathlib.Combinatorics.Additive.ApproximateSubgroup (21s)
✔ [6731/6758] Built Mathlib.CategoryTheory.Triangulated.TStructure.SpectralObject (19s)
✔ [6732/6762] Built Mathlib.Combinatorics.Additive.CauchyDavenport (14s)
✔ [6736/6763] Built Mathlib.Combinatorics.SimpleGraph.Walk.Decomp (14s)
✔ [6738/6763] Built Mathlib.CategoryTheory.Triangulated.Opposite.OpOp (16s)
✔ [6739/6763] Built Mathlib.Combinatorics.Compactness (11s)
✔ [6741/6768] Built Mathlib.FieldTheory.ChevalleyWarning (16s)
✔ [6742/6770] Built Mathlib.Combinatorics.Colex (13s)
✔ [6744/6775] Built Mathlib.Combinatorics.Additive.Randomisation (16s)
✔ [6747/6776] Built Mathlib.Combinatorics.SimpleGraph.Regularity.Bound (21s)
✔ [6749/6786] Built Mathlib.LinearAlgebra.CrossProduct (15s)
✔ [6757/6787] Built Mathlib.LinearAlgebra.Projectivization.Basic (16s)
✔ [6758/6787] Built Mathlib.Combinatorics.Additive.VerySmallDoubling (26s)
✔ [6759/6790] Built Mathlib.Combinatorics.Enumerative.Bell (16s)
✔ [6761/6791] Built Mathlib.Combinatorics.SimpleGraph.Paths (16s)
✔ [6762/6791] Built Mathlib.Combinatorics.Derangements.Exponential (18s)
✔ [6763/6793] Built Mathlib.Combinatorics.Enumerative.Catalan.Tree (15s)
✔ [6764/6794] Built Mathlib.Topology.Algebra.Semigroup (12s)
✔ [6765/6794] Built Mathlib.Combinatorics.Additive.ErdosGinzburgZiv (17s)
✔ [6766/6794] Built Mathlib.Combinatorics.Enumerative.Partition.GenFun (16s)
✔ [6767/6794] Built Mathlib.Combinatorics.Enumerative.Pentagonal.Ring (15s)
✔ [6768/6796] Built Mathlib.Combinatorics.Hypergraph.Basic (13s)
✔ [6769/6796] Built Mathlib.Combinatorics.Matroid.Sum (13s)
✔ [6770/6797] Built Mathlib.Combinatorics.Matroid.Minor.Delete (13s)
✔ [6772/6799] Built Mathlib.LinearAlgebra.Projectivization.Constructions (14s)
✔ [6775/6803] Built Mathlib.Combinatorics.Enumerative.Catalan (11s)
✔ [6785/6818] Built Mathlib.Combinatorics.Enumerative.DyckWord (16s)
✔ [6795/6823] Built Mathlib.Combinatorics.Hindman (13s)
✔ [6798/6836] Built Mathlib.Combinatorics.SimpleGraph.Clique (19s)
✔ [6799/6836] Built Mathlib.Combinatorics.Optimization.ValuedCSP (13s)
✔ [6803/6836] Built Mathlib.CategoryTheory.Sites.SheafCohomology.MayerVietoris (105s)
✔ [6804/6837] Built Mathlib.RingTheory.MvPolynomial.Groebner (15s)
✔ [6805/6837] Built Mathlib.Combinatorics.SimpleGraph.Regularity.Chunk (31s)
✔ [6806/6842] Built Mathlib.Combinatorics.Enumerative.Partition.Glaisher (18s)
✔ [6807/6843] Built Mathlib.Combinatorics.Matroid.Minor.Contract (16s)
✔ [6809/6849] Built Mathlib.Combinatorics.Enumerative.Pentagonal.PowerSeries (16s)
✔ [6810/6857] Built Mathlib.Combinatorics.SetFamily.KruskalKatona (12s)
✔ [6812/6862] Built Mathlib.Combinatorics.SetFamily.AhlswedeZhang (16s)
✔ [6813/6863] Built Mathlib.Combinatorics.SimpleGraph.Walk.Counting (13s)
✔ [6814/6864] Built Mathlib.Combinatorics.Configuration (19s)
✔ [6815/6866] Built Mathlib.Combinatorics.SimpleGraph.Triangle.Counting (14s)
✔ [6817/6867] Built Mathlib.Combinatorics.SimpleGraph.Connectivity.Connected (16s)
✔ [6818/6868] Built Mathlib.Combinatorics.SimpleGraph.Triangle.Basic (15s)
✔ [6819/6868] Built Mathlib.Combinatorics.Nullstellensatz (17s)
✔ [6820/6868] Built Mathlib.Combinatorics.SimpleGraph.Extremal.Basic (11s)
✔ [6821/6868] Built Mathlib.Combinatorics.SimpleGraph.Connectivity.WalkDecomp (11s)
✔ [6822/6868] Built Mathlib.Combinatorics.Matroid.Minor.Order (11s)
✔ [6823/6869] Built Mathlib.Combinatorics.SimpleGraph.Finsubgraph (11s)
✔ [6824/6869] Built Mathlib.Combinatorics.SimpleGraph.Connectivity.WalkCounting (10s)
✔ [6825/6869] Built Mathlib.Data.Set.Card.Arithmetic (11s)
✔ [6826/6869] Built Mathlib.Combinatorics.SimpleGraph.Regularity.Increment (21s)
✔ [6827/6871] Built Mathlib.Combinatorics.SimpleGraph.LineGraph (12s)
✔ [6828/6872] Built Mathlib.Combinatorics.SimpleGraph.Ends.Defs (11s)
✔ [6829/6873] Built Mathlib.Combinatorics.SimpleGraph.Connectivity.Finite (11s)
✔ [6830/6873] Built Mathlib.Combinatorics.SimpleGraph.AdjMatrix (13s)
✔ [6831/6874] Built Mathlib.Combinatorics.SimpleGraph.Coloring.Vertex (12s)
✔ [6832/6874] Built Mathlib.Combinatorics.SimpleGraph.Metric (11s)
✔ [6833/6875] Built Mathlib.Combinatorics.SimpleGraph.Connectivity.EdgeConnectivity (11s)
✔ [6834/6875] Built Mathlib.Combinatorics.SimpleGraph.Trails (11s)
✔ [6835/6875] Built Mathlib.Combinatorics.SimpleGraph.Triangle.Tripartite (14s)
✔ [6836/6875] Built Mathlib.Combinatorics.SimpleGraph.Connectivity.Subgraph (15s)
✔ [6837/6875] Built Mathlib.Combinatorics.SimpleGraph.Ends.Properties (11s)
✔ [6838/6876] Built Mathlib.Combinatorics.SimpleGraph.Extremal.Turan (15s)
✔ [6839/6876] Built Mathlib.Combinatorics.SimpleGraph.Extremal.TuranDensity (15s)
✔ [6841/6876] Built Mathlib.Combinatorics.SimpleGraph.UnitDistance.Basic (12s)
✔ [6842/6876] Built Mathlib.Combinatorics.SimpleGraph.Connectivity.Represents (12s)
✔ [6843/6877] Built Mathlib.Combinatorics.SimpleGraph.Regularity.Lemma (16s)
✔ [6844/6877] Built Mathlib.Combinatorics.SimpleGraph.VertexCover (12s)
✔ [6845/6878] Built Mathlib.Combinatorics.SimpleGraph.Partition (11s)
✔ [6846/6880] Built Mathlib.Combinatorics.SimpleGraph.Coloring.VertexColoring (10s)
✔ [6849/6883] Built Mathlib.Combinatorics.SimpleGraph.Coloring (9.5s)
✔ [6859/6894] Built Mathlib.Combinatorics.SimpleGraph.Diam (10s)
✔ [6861/6910] Built Mathlib.Combinatorics.SimpleGraph.Hamiltonian (10s)
✔ [6862/6910] Built Mathlib.Combinatorics.SimpleGraph.Walks.Counting (9.4s)
✔ [6895/6932] Built Mathlib.Combinatorics.SimpleGraph.LapMatrix (16s)
✔ [6896/6933] Built Mathlib.Combinatorics.SimpleGraph.Sum (12s)
✔ [6897/6936] Built Mathlib.Combinatorics.SimpleGraph.Walks.Decomp (9.2s)
✔ [6898/6936] Built Mathlib.Combinatorics.SimpleGraph.Bipartite (14s)
✔ [6899/6936] Built Mathlib.Combinatorics.SimpleGraph.Walks.Subwalks (10s)
✔ [6900/6938] Built Mathlib.Combinatorics.SimpleGraph.Matching (13s)
✔ [6901/6938] Built Mathlib.Combinatorics.Extremal.RuzsaSzemeredi (16s)
✔ [6902/6944] Built Mathlib.Computability.TuringMachine.Computable (12s)
✔ [6903/6946] Built Mathlib.Combinatorics.SimpleGraph.StronglyRegular (14s)
✔ [6904/6948] Built Mathlib.Combinatorics.SimpleGraph.Triangle.Removal (18s)
✔ [6905/6953] Built Mathlib.Topology.Category.CompHausLike.Limits (14s)
✔ [6906/6953] Built Mathlib.Topology.Separation.Profinite (15s)
✔ [6907/6955] Built Mathlib.Topology.ExtremallyDisconnected (12s)
✔ [6908/6955] Built Mathlib.Computability.AkraBazzi.GrowsPolynomially (18s)
✔ [6909/6955] Built Mathlib.Combinatorics.SimpleGraph.Prod (18s)
✔ [6910/6955] Built Mathlib.Topology.Category.CompHaus.Projective (16s)
✔ [6911/6955] Built Mathlib.Combinatorics.SimpleGraph.UniversalVerts (13s)
✔ [6912/6958] Built Mathlib.Combinatorics.SimpleGraph.Extremal.Zarankiewicz (14s)
✔ [6913/6958] Built Mathlib.Combinatorics.SimpleGraph.Hall (13s)
✔ [6914/6958] Built Mathlib.Condensed.CartesianClosed (11s)
✔ [6915/6962] Built Mathlib.Topology.DiscreteQuotient (11s)
✔ [6917/6969] Built Mathlib.Topology.Category.CompHausLike.EffectiveEpi (11s)
✔ [6918/6983] Built Mathlib.Topology.Category.TopCat.Limits.Cofiltered (12s)
✔ [6919/6983] Built Mathlib.Topology.ClopenBox (11s)
✔ [6920/6984] Built Mathlib.Topology.Category.CompHaus.Limits (13s)
✔ [6921/6985] Built Mathlib.Combinatorics.Additive.Corner.Roth (15s)
✔ [6922/6995] Built Mathlib.Topology.Category.TopCat.Yoneda (14s)
✔ [6923/6995] Built Mathlib.Topology.Category.Profinite.Basic (16s)
✔ [6925/6996] Built Mathlib.Combinatorics.SimpleGraph.Hasse (15s)
✔ [6926/6996] Built Mathlib.Topology.Category.CompHausLike.SigmaComparison (13s)
✔ [6927/6996] Built Mathlib.Topology.FiberPartition (13s)
✔ [6928/6998] Built Mathlib.Combinatorics.SimpleGraph.Tutte (17s)
✔ [6929/6998] Built Mathlib.Topology.Category.Sequential (13s)
✔ [6930/6998] Built Mathlib.Topology.Category.CompHausLike.Cartesian (14s)
✔ [6941/7008] Built Mathlib.Computability.AkraBazzi.SumTransform (23s)
✔ [6944/7010] Built Mathlib.Condensed.Light.CartesianClosed (14s)
✔ [6948/7017] Built Mathlib.Topology.Category.CompHaus.EffectiveEpi (16s)
✔ [6949/7019] Built Mathlib.Topology.LocallyConstant.Algebra (19s)
✔ [6950/7019] Built Mathlib.Control.Lawful (3.6s)
✔ [6953/7022] Built Mathlib.Topology.Category.CompactlyGenerated (14s)
✔ [6968/7043] Built Mathlib.Data.Array.Defs (3.8s)
✔ [6979/7043] Built Mathlib.Topology.Category.Stonean.Basic (14s)
✔ [6981/7061] Built Mathlib.Data.Bool.AllAny (4.6s)
✔ [6998/7082] Built Mathlib.Topology.Category.Profinite.CofilteredLimit (15s)
✔ [7026/7092] Built Mathlib.Topology.Category.Profinite.Limits (13s)
✔ [7028/7096] Built Mathlib.Data.List.SplitOn (1.4s)
✔ [7032/7097] Built Mathlib.Topology.Category.Profinite.AsLimit (15s)
✔ [7034/7099] Built Mathlib.Combinatorics.SimpleGraph.CompleteMultipartite (15s)
✔ [7035/7099] Built Mathlib.Data.Fin.Init (4.3s)
✔ [7039/7100] Built Mathlib.Combinatorics.SimpleGraph.CycleGraph (13s)
✔ [7040/7101] Built Mathlib.Data.Analysis.Topology (11s)
✔ [7043/7101] Built Mathlib.Condensed.Basic (14s)
✔ [7044/7101] Built Mathlib.Data.Finite.Perm (11s)
✔ [7045/7102] Built Mathlib.Data.Finsupp.PointwiseSMul (10s)
✔ [7048/7103] Built Mathlib.Computability.AkraBazzi.AkraBazzi (18s)
✔ [7049/7104] Built Mathlib.Topology.Category.Stonean.Limits (13s)
✔ [7052/7112] Built Mathlib.Data.Matrix.ColumnRowPartitioned (12s)
✔ [7059/7113] Built Mathlib.Topology.Category.Profinite.EffectiveEpi (13s)
✔ [7061/7114] Built Mathlib.Combinatorics.SimpleGraph.Coloring.Constructions (11s)
✔ [7063/7116] Built Mathlib.Topology.Category.Profinite.Extend (16s)
✔ [7065/7117] Built Mathlib.Topology.Category.LightProfinite.Basic (17s)
✔ [7066/7117] Built Mathlib.Combinatorics.SimpleGraph.Extremal.ErdosStoneSimonovits (17s)
✔ [7067/7118] Built Mathlib.Combinatorics.SimpleGraph.FiveWheelLike (18s)
✔ [7068/7118] Built Mathlib.Combinatorics.SimpleGraph.Circulant (13s)
✔ [7069/7119] Built Mathlib.Combinatorics.SimpleGraph.Acyclic (16s)
✔ [7070/7119] Built Mathlib.Condensed.TopComparison (15s)
✔ [7073/7120] Built Mathlib.Condensed.Module (16s)
✔ [7074/7120] Built Mathlib.Data.Nat.Digits.Div (12s)
✔ [7075/7121] Built Mathlib.Combinatorics.SimpleGraph.ConcreteColorings (11s)
✔ [7077/7128] Built Mathlib.Data.Nat.Choose.Lucas (14s)
✔ [7111/7155] Built Mathlib.Topology.Category.Stonean.EffectiveEpi (15s)
✔ [7113/7157] Built Mathlib.Data.Nat.Factorization.Divisors (11s)
✔ [7115/7158] Built Mathlib.Data.Nat.Factorization.Root (12s)
✔ [7116/7160] Built Mathlib.Topology.Category.LightProfinite.Cartesian (13s)
✔ [7118/7160] Built Mathlib.Topology.Category.LightProfinite.Sequence (13s)
✔ [7119/7160] Built Mathlib.Topology.Category.LightProfinite.AsLimit (13s)
✔ [7120/7163] Built Mathlib.Combinatorics.SimpleGraph.Star (11s)
✔ [7121/7164] Built Mathlib.Topology.Category.LightProfinite.Limits (13s)
✔ [7123/7172] Built Mathlib.Combinatorics.SimpleGraph.Girth (12s)
✔ [7134/7177] Built Mathlib.Data.Rat.NatSqrt.Real (11s)
✔ [7138/7181] Built Mathlib.Condensed.Limits (13s)
✔ [7142/7183] Built Mathlib.Data.Real.CompleteField (11s)
✔ [7155/7195] Built Mathlib.Condensed.Equivalence (13s)
✔ [7156/7195] Built Mathlib.Condensed.TopCatAdjunction (15s)
✔ [7157/7196] Built Mathlib.Data.String.Lemmas (3.8s)
✔ [7158/7196] Built Mathlib.Data.Real.Hom (12s)
✔ [7159/7196] Built Mathlib.Data.Real.Sqrt (12s)
✔ [7160/7196] Built Mathlib.Data.Real.StarOrdered (12s)
✔ [7161/7199] Built Mathlib.Deprecated.Aliases (4.1s)
✔ [7163/7201] Built Mathlib.Data.Setoid.Partition.Card (10s)
✔ [7164/7201] Built Mathlib.Data.Sym.NatCard (9.9s)
✔ [7165/7204] Built Mathlib.Topology.Category.LightProfinite.Injective (14s)
✔ [7166/7205] Built Mathlib.Topology.Category.LightProfinite.EffectiveEpi (12s)
✔ [7167/7207] Built Mathlib.Data.ZMod.Factorial (10s)
✔ [7168/7210] Built Mathlib.Data.ZMod.Coprime (11s)
✔ [7170/7210] Built Mathlib.Topology.Category.LightProfinite.Extend (15s)
✔ [7171/7211] Built Mathlib.Condensed.Explicit (13s)
✔ [7172/7216] Built Mathlib.Condensed.Epi (14s)
✔ [7174/7217] Built Mathlib.Condensed.AB (15s)
✔ [7175/7218] Built Mathlib.Dynamics.BirkhoffSum.QuasiMeasurePreserving (12s)
✔ [7176/7219] Built Mathlib.MeasureTheory.Group.AEStabilizer (12s)
✔ [7177/7219] Built Mathlib.Dynamics.Ergodic.Ergodic (13s)
✔ [7178/7219] Built Mathlib.MeasureTheory.Measure.ContinuousPreimage (14s)
✔ [7179/7221] Built Mathlib.Dynamics.Circle.RotationNumber.TranslationNumber (15s)
✔ [7180/7222] Built Mathlib.Condensed.Light.Instances (14s)
✔ [7181/7223] Built Mathlib.Condensed.Light.Basic (14s)
✔ [7182/7224] Built Mathlib.Topology.Instances.AddCircle.DenseSubgroup (14s)
✔ [7183/7224] Built Mathlib.Dynamics.Ergodic.Conservative (14s)
✔ [7184/7225] Built Mathlib.Topology.Order.CountableSeparating (11s)
✔ [7185/7226] Built Mathlib.Condensed.Functors (15s)
✔ [7186/7226] Built Mathlib.Dynamics.FixedPoints.Support (12s)
✔ [7187/7226] Built Mathlib.Dynamics.Flow (13s)
✔ [7188/7226] Built Mathlib.Dynamics.TopologicalEntropy.DynamicalEntourage (10s)
✔ [7189/7228] Built Mathlib.Dynamics.SymbolicDynamics.Basic (12s)
✔ [7190/7228] Built Mathlib.Dynamics.Ergodic.Action.Basic (13s)
✔ [7191/7228] Built Mathlib.MeasureTheory.Group.AddCircle (17s)
✔ [7192/7228] Built Mathlib.Dynamics.Ergodic.Function (14s)
✔ [7193/7228] Built Mathlib.Condensed.Discrete.Basic (13s)
✔ [7194/7228] Built Mathlib.Condensed.Light.TopComparison (14s)
✔ [7195/7230] Built Mathlib.Dynamics.Transitive (12s)
✔ [7196/7230] Built Mathlib.Condensed.Light.Module (16s)
✔ [7197/7230] Built Mathlib.Dynamics.Ergodic.RadonNikodym (16s)
✔ [7198/7230] Built Mathlib.Condensed.EffectiveEpi (14s)
✔ [7199/7230] Built Mathlib.Condensed.Solid (14s)
✔ [7200/7230] Built Mathlib.Dynamics.OmegaLimit (11s)
✔ [7201/7230] Built Mathlib.Topology.Algebra.Group.TopologicalAbelianization (11s)
✔ [7202/7230] Built Mathlib.FieldTheory.AbelRuffini (16s)
✔ [7203/7230] Built Mathlib.Dynamics.Ergodic.Action.Regular (13s)
✔ [7204/7230] Built Mathlib.Dynamics.TopologicalEntropy.CoverEntropy (15s)
✔ [7205/7233] Built Mathlib.Dynamics.Ergodic.AddCircle (15s)
✔ [7206/7236] Built Mathlib.RingTheory.Algebraic.Cardinality (12s)
✔ [7208/7238] Built Mathlib.Condensed.Discrete.LocallyConstant (18s)
✔ [7210/7238] Built Mathlib.Condensed.Light.TopCatAdjunction (17s)
✔ [7211/7238] Built Mathlib.Condensed.Light.Explicit (13s)
✔ [7213/7240] Built Mathlib.Condensed.Light.Limits (14s)
✔ [7215/7240] Built Mathlib.Condensed.Light.Small (18s)
✔ [7216/7246] Built Mathlib.Condensed.Light.Monoidal (18s)
✔ [7217/7249] Built Mathlib.FieldTheory.AbsoluteGaloisGroup (14s)
✔ [7218/7253] Built Mathlib.Dynamics.Ergodic.Extreme (15s)
✔ [7219/7253] Built Mathlib.Dynamics.TopologicalEntropy.Semiconj (14s)
✔ [7220/7255] Built Mathlib.FieldTheory.IsAlgClosed.Classification (13s)
✔ [7221/7255] Built Mathlib.Dynamics.TopologicalEntropy.NetEntropy (15s)
✔ [7222/7255] Built Mathlib.Dynamics.Ergodic.Action.OfMinimal (18s)
✔ [7223/7257] Built Mathlib.ModelTheory.Quotients (10s)
✔ [7224/7259] Built Mathlib.ModelTheory.Algebra.Ring.Basic (11s)
✔ [7225/7259] Built Mathlib.Condensed.Light.Functors (16s)
✔ [7226/7259] Built Mathlib.ModelTheory.Encoding (14s)
✔ [7227/7261] Built Mathlib.ModelTheory.Definability (13s)
✔ [7228/7262] Built Mathlib.RingTheory.MvPolynomial.FreeCommRing (14s)
✔ [7229/7262] Built Mathlib.Condensed.Discrete.Module (22s)
✔ [7230/7263] Built Mathlib.LinearAlgebra.FreeAlgebra (13s)
✔ [7231/7263] Built Mathlib.RingTheory.Nullstellensatz (16s)
✔ [7232/7265] Built Mathlib.ModelTheory.Ultraproducts (11s)
✔ [7233/7266] Built Mathlib.Dynamics.TopologicalEntropy.Subset (16s)
✔ [7234/7267] Built Mathlib.GroupTheory.OreLocalization.Cardinality (12s)
✔ [7235/7267] Built Mathlib.Dynamics.Ergodic.AddCircleAdd (16s)
✔ [7236/7267] Built Mathlib.ModelTheory.Algebra.Field.Basic (12s)
✔ [7237/7267] Built Mathlib.ModelTheory.Algebra.Ring.FreeCommRing (12s)
✔ [7238/7267] Built Mathlib.Condensed.Discrete.Colimit (34s)
✔ [7239/7267] Built Mathlib.SetTheory.Cardinal.Divisibility (13s)
✔ [7240/7267] Built Mathlib.Condensed.Light.Epi (17s)
✔ [7241/7269] Built Mathlib.ModelTheory.Substructures (17s)
✔ [7242/7272] Built Mathlib.FieldTheory.Differential.Basic (16s)
✔ [7243/7272] Built Mathlib.RingTheory.OreLocalization.Cardinality (10s)
✔ [7244/7272] Built Mathlib.GroupTheory.MonoidLocalization.Cardinality (11s)
✔ [7245/7273] Built Mathlib.FieldTheory.Finite.Extension (15s)
✔ [7247/7273] Built Mathlib.FieldTheory.FinTrdeg (18s)
✔ [7248/7273] Built Mathlib.FieldTheory.Finite.Polynomial (17s)
✔ [7249/7273] Built Mathlib.FieldTheory.Finite.Valuation (16s)
✔ [7250/7273] Built Mathlib.ModelTheory.Algebra.Field.CharP (15s)
✔ [7251/7277] Built Mathlib.ModelTheory.Algebra.Ring.Definability (17s)
✔ [7252/7277] Built Mathlib.FieldTheory.CardinalEmb (29s)
✔ [7253/7280] Built Mathlib.Condensed.Light.EffectiveEpi (15s)
✔ [7254/7280] Built Mathlib.Condensed.Light.InternallyProjective (17s)
✔ [7255/7280] Built Mathlib.RingTheory.Localization.Cardinality (12s)
✔ [7256/7282] Built Mathlib.ModelTheory.ElementaryMaps (15s)
✔ [7257/7283] Built Mathlib.Condensed.Light.AB (18s)
✔ [7258/7283] Built Mathlib.Condensed.Discrete.Characterization (22s)
✔ [7259/7284] Built Mathlib.RingTheory.IsGaloisGroup.Defs (14s)
✔ [7260/7285] Built Mathlib.FieldTheory.Differential.Liouville (18s)
✔ [7261/7285] Built Mathlib.Topology.Separation.Connected (13s)
✔ [7262/7285] Built Mathlib.RingTheory.Invariant.Basic (21s)
✔ [7263/7285] Built Mathlib.FieldTheory.Galois.NormalBasis (20s)
✔ [7264/7285] Built Mathlib.ModelTheory.ElementarySubstructures (13s)
✔ [7265/7286] Built Mathlib.FieldTheory.IntermediateField.ExtendRight (18s)
✔ [7266/7289] Built Mathlib.FieldTheory.IsRealClosed.Basic (17s)
✔ [7267/7289] Built Mathlib.FieldTheory.Cardinality (17s)
✔ [7268/7290] Built Mathlib.FieldTheory.PerfectClosure (19s)
✔ [7269/7293] Built Mathlib.FieldTheory.JacobsonNoether (21s)
✔ [7270/7294] Built Mathlib.FieldTheory.Laurent (16s)
✔ [7271/7295] Built Mathlib.GroupTheory.CosetCover (23s)
✔ [7272/7295] Built Mathlib.FieldTheory.KummerExtension (21s)
✔ [7273/7296] Built Mathlib.ModelTheory.Skolem (11s)
✔ [7274/7296] Built Mathlib.Condensed.Light.Sequence (28s)
✔ [7275/7298] Built Mathlib.ModelTheory.Bundled (12s)
✔ [7276/7298] Built Mathlib.RingTheory.Algebraic.LinearIndependent (13s)
✔ [7277/7299] Built Mathlib.RingTheory.IsGaloisGroup.Basic (16s)
✔ [7278/7299] Built Mathlib.RingTheory.MvPolynomial (13s)
✔ [7279/7300] Built Mathlib.FieldTheory.IsPerfectClosure (17s)
✔ [7280/7300] Built Mathlib.Topology.Algebra.Category.ProfiniteGrp.Basic (23s)
✔ [7281/7301] Built Mathlib.RingTheory.TensorProduct.Nontrivial (13s)
✔ [7282/7302] Built Mathlib.FieldTheory.Minpoly.ConjRootClass (13s)
✔ [7283/7302] Built Mathlib.FieldTheory.PrimeField (11s)
✔ [7284/7305] Built Mathlib.FieldTheory.Isaacs (14s)
✔ [7285/7306] Built Mathlib.ModelTheory.Satisfiability (11s)
✔ [7286/7307] Built Mathlib.FieldTheory.PurelyInseparable.AdjoinPthRoots (13s)
✔ [7287/7308] Built Mathlib.FieldTheory.NormalizedTrace (16s)
✔ [7288/7310] Built Mathlib.FieldTheory.PurelyInseparable.Exponent (15s)
✔ [7289/7311] Built Mathlib.FieldTheory.MvRatFunc.Rank (13s)
✔ [7290/7311] Built Mathlib.LinearAlgebra.TensorProduct.Subalgebra (28s)
✔ [7291/7312] Built Mathlib.FieldTheory.PurelyInseparable.PerfectClosure (16s)
✔ [7292/7312] Built Mathlib.FieldTheory.Galois.IsGaloisGroup (21s)
✔ [7293/7312] Built Mathlib.Geometry.Convex.Cone.DualFinite (12s)
✔ [7294/7314] Built Mathlib.FieldTheory.RatFunc.Degree (16s)
✔ [7295/7314] Built Mathlib.ModelTheory.Algebra.Field.IsAlgClosed (13s)
✔ [7296/7314] Built Mathlib.FieldTheory.Galois.Profinite (18s)
✔ [7297/7314] Built Mathlib.Geometry.Convex.Cone.Face.Basic (13s)
✔ [7298/7318] Built Mathlib.Geometry.Convex.ConvexSpace.AffineMap (12s)
✔ [7299/7320] Built Mathlib.FieldTheory.Relrank (19s)
✔ [7300/7320] Built Mathlib.FieldTheory.RatFunc.IntermediateField (20s)
✔ [7301/7331] Built Mathlib.Geometry.Convex.Hull (12s)
✔ [7302/7335] Built Mathlib.Geometry.Convex.ConvexSpace.Topology (14s)
✔ [7303/7335] Built Mathlib.RingTheory.AlgebraicIndependent.RankAndCardinality (14s)
✔ [7304/7341] Built Mathlib.RingTheory.LinearDisjoint (20s)
✔ [7305/7341] Built Mathlib.Geometry.Convex.Cone.Face.Lattice (15s)
✔ [7306/7341] Built Mathlib.FieldTheory.RatFunc.Valuation (18s)
✔ [7307/7351] Built Mathlib.FieldTheory.AxGrothendieck (16s)
✔ [7308/7354] Built Mathlib.Geometry.Diffeology.Basic (22s)
✔ [7310/7354] Built Mathlib.Geometry.Euclidean.Angle.Unoriented.Affine (17s)
✔ [7311/7358] Built Mathlib.Geometry.Euclidean.Projection (25s)
✔ [7312/7358] Built Mathlib.Geometry.Euclidean.Angle.Unoriented.Conformal (16s)
✔ [7313/7358] Built Mathlib.Geometry.Euclidean.PerpBisector (18s)
✔ [7314/7359] Built Mathlib.FieldTheory.RatFunc.Luroth (22s)
✔ [7315/7359] Built Mathlib.Geometry.Euclidean.Angle.Unoriented.CrossProduct (18s)
✔ [7316/7359] Built Mathlib.Geometry.Euclidean.Angle.Oriented.Basic (26s)
✔ [7317/7359] Built Mathlib.Topology.MetricSpace.Congruence (14s)
✔ [7318/7359] Built Mathlib.Geometry.Group.Growth.LinearLowerBound (13s)
✔ [7319/7359] Built Mathlib.Geometry.Euclidean.Inversion.Calculus (18s)
✔ [7320/7359] Built Mathlib.Geometry.Euclidean.Simplex (17s)
✔ [7321/7359] Built Mathlib.FieldTheory.LinearDisjoint (23s)
✔ [7322/7361] Built Mathlib.Geometry.Euclidean.Angle.Unoriented.RightAngle (16s)
✔ [7323/7361] Built Mathlib.Geometry.Euclidean.Angle.Unoriented.Projection (15s)
✔ [7324/7362] Built Mathlib.Geometry.Manifold.LocalDiffeomorph (19s)
✔ [7325/7365] Built Mathlib.Geometry.Manifold.Algebra.SmoothFunctions (24s)
✔ [7326/7365] Built Mathlib.Geometry.Manifold.Complex (18s)
✔ [7327/7369] Built Mathlib.Geometry.Euclidean.Inversion.ImageHyperplane (16s)
✔ [7328/7373] Built Mathlib.Geometry.Euclidean.SignedDist (22s)
✔ [7329/7374] Built Mathlib.Geometry.Euclidean.Basic (18s)
✔ [7330/7378] Built Mathlib.Geometry.Euclidean.Altitude (22s)
✔ [7331/7380] Built Mathlib.Geometry.Manifold.ConformalGroupoid (16s)
✔ [7332/7383] Built Mathlib.Topology.MetricSpace.Similarity (16s)
✔ [7333/7390] Built Mathlib.FieldTheory.PurelyInseparable.Tower (17s)
✔ [7334/7390] Built Mathlib.Topology.Homeomorph.TransferInstance (10s)
✔ [7335/7391] Built Mathlib.Geometry.Euclidean.Angle.Oriented.Rotation (21s)
✔ [7336/7391] Built Mathlib.Geometry.Manifold.IsManifold.InteriorBoundary (18s)
✔ [7337/7391] Built Mathlib.Geometry.Manifold.LocalSourceTargetProperty (15s)
✔ [7338/7393] Built Mathlib.Geometry.Manifold.Instances.Quotient (13s)
✔ [7339/7394] Built Mathlib.Geometry.Manifold.DerivationBundle (20s)
✔ [7340/7394] Built Mathlib.Geometry.Euclidean.Sphere.Basic (18s)
✔ [7341/7394] Built Mathlib.Geometry.Manifold.Instances.UnitsOfNormedAlgebra (17s)
✔ [7342/7394] Built Mathlib.Topology.Instances.Shrink (11s)
✔ [7343/7395] Built Mathlib.Geometry.Manifold.Metrizable (16s)
✔ [7344/7396] Built Mathlib.Topology.VectorBundle.Hom (32s)
✔ [7345/7396] Built Mathlib.Geometry.Manifold.Sheaf.Basic (14s)
✔ [7346/7399] Built Mathlib.MeasureTheory.Constructions.UnitInterval (18s)
✔ [7347/7399] Built Mathlib.Geometry.Manifold.MFDeriv.NormedSpace (39s)
✔ [7348/7400] Built Mathlib.Geometry.Manifold.Bordism (18s)
✔ [7349/7401] Built Mathlib.Geometry.Euclidean.Angle.Oriented.Affine (23s)
✔ [7350/7402] Built Mathlib.Geometry.Manifold.Instances.Real (21s)
✔ [7351/7402] Built Mathlib.Geometry.Euclidean.Sphere.OrthRadius (19s)
✔ [7352/7402] Built Mathlib.Topology.Algebra.Module.TransferInstance (14s)
✔ [7353/7402] Built Mathlib.Geometry.Euclidean.Sphere.SecondInter (17s)
✔ [7354/7403] Built Mathlib.Geometry.Euclidean.Circumcenter (22s)
✔ [7355/7403] Built Mathlib.Topology.VectorBundle.FiniteDimensional (14s)
✔ [7356/7404] Built Mathlib.Topology.Algebra.Module.FiniteDimensionBilinear (16s)
✔ [7357/7404] Built Mathlib.Geometry.Manifold.Algebra.LeftInvariantDerivation (32s)
✔ [7358/7404] Built Mathlib.Geometry.Manifold.MFDeriv.Tangent (17s)
✔ [7359/7404] Built Mathlib.Geometry.Euclidean.Angle.Oriented.Projection (14s)
✔ [7360/7405] Built Mathlib.Geometry.Euclidean.Triangle (20s)
✔ [7361/7405] Built Mathlib.Geometry.Euclidean.Angle.Oriented.RightAngle (18s)
✔ [7362/7406] Built Mathlib.Geometry.Manifold.VectorBundle.MDifferentiable (25s)
✔ [7363/7406] Built Mathlib.Geometry.Manifold.Sheaf.Smooth (31s)
✔ [7364/7406] Built Mathlib.Geometry.Manifold.VectorBundle.Pullback (19s)
✔ [7365/7406] Built Mathlib.Topology.VectorBundle.Riemannian (31s)
✔ [7366/7407] Built Mathlib.Geometry.Euclidean.Sphere.Tangent (21s)
✔ [7367/7407] Built Mathlib.Geometry.Manifold.Instances.Sphere (27s)
✔ [7368/7407] Built Mathlib.Geometry.Manifold.Submersion (23s)
✔ [7369/7407] Built Mathlib.Geometry.Manifold.VectorBundle.SmoothSection (15s)
✔ [7370/7407] Built Mathlib.Geometry.Euclidean.MongePoint (22s)
✔ [7371/7408] Built Mathlib.Geometry.Euclidean.Congruence (17s)
✔ [7372/7408] Built Mathlib.Geometry.Manifold.IntegralCurve.Basic (19s)
✔ [7373/7408] Built Mathlib.Geometry.Manifold.WhitneyEmbedding (22s)
✔ [7374/7408] Built Mathlib.Geometry.Manifold.Immersion (28s)
✔ [7375/7409] Built Mathlib.Geometry.Polygon.Basic (15s)
✔ [7376/7409] Built Mathlib.Geometry.Euclidean.Angle.Unoriented.TriangleInequality (21s)
✔ [7377/7409] Built Mathlib.Geometry.Euclidean.Similarity (19s)
✔ [7378/7409] Built Mathlib.GroupTheory.Abelianization.Finite (13s)
✔ [7379/7413] Built Mathlib.Geometry.Euclidean.Angle.Bisector (23s)
✔ [7380/7414] Built Mathlib.GroupTheory.ClassEquation (12s)
✔ [7381/7415] Built Mathlib.GroupTheory.Commensurable (12s)
✔ [7386/7420] Built Mathlib.Geometry.Manifold.VectorBundle.LocalFrame (26s)
✔ [7388/7424] Built Mathlib.Geometry.Manifold.Sheaf.LocallyRingedSpace (20s)
✔ [7389/7425] Built Mathlib.Geometry.Manifold.PoincareConjecture (16s)
✔ [7390/7426] Built Mathlib.GroupTheory.Commutator.Finite (12s)
✔ [7391/7427] Built Mathlib.Geometry.Manifold.SmoothEmbedding (15s)
✔ [7392/7427] Built Mathlib.Geometry.Manifold.IntegralCurve.Transform (17s)
✔ [7393/7427] Built Mathlib.Geometry.Euclidean.Angle.Sphere (22s)
✔ [7394/7427] Built Mathlib.GroupTheory.GroupAction.CardCommute (12s)
✔ [7395/7427] Built Mathlib.Geometry.Manifold.VectorBundle.Hom (33s)
✔ [7396/7427] Built Mathlib.GroupTheory.SpecificGroups.KleinFour (14s)
✔ [7397/7430] Built Mathlib.Geometry.Euclidean.Incenter (30s)
✔ [7398/7430] Built Mathlib.GroupTheory.DoubleCoset (13s)
✔ [7399/7431] Built Mathlib.Geometry.Manifold.VectorBundle.Tensoriality (17s)
✔ [7400/7431] Built Mathlib.GroupTheory.FiniteIndexNormalSubgroup (11s)
✔ [7401/7431] Built Mathlib.GroupTheory.Descent (20s)
✔ [7402/7432] Built Mathlib.GroupTheory.DivisibleHull (20s)
✔ [7403/7432] Built Mathlib.GroupTheory.Coxeter.Matrix (23s)
✔ [7404/7432] Built Mathlib.GroupTheory.FiniteAbelian.Duality (18s)
✔ [7405/7433] Built Mathlib.Geometry.Manifold.IntegralCurve.ExistUnique (18s)
✔ [7406/7435] Built Mathlib.Geometry.Manifold.Instances.Icc (20s)
✔ [7407/7435] Built Mathlib.Geometry.Euclidean.NinePointCircle (19s)
✔ [7408/7436] Built Mathlib.Geometry.Euclidean.Sphere.Power (19s)
✔ [7410/7437] Built Mathlib.GroupTheory.SpecificGroups.Dihedral (14s)
✔ [7412/7438] Built Mathlib.Geometry.Manifold.ContMDiffMFDeriv (21s)
✔ [7413/7438] Built Mathlib.Geometry.Euclidean.Angle.Incenter (18s)
✔ [7414/7439] Built Mathlib.GroupTheory.FixedPointFree (13s)
✔ [7415/7440] Built Mathlib.GroupTheory.Transfer (16s)
✔ [7417/7441] Built Mathlib.GroupTheory.Coxeter.Basic (16s)
✔ [7418/7441] Built Mathlib.Geometry.Manifold.VectorBundle.Riemannian (26s)
✔ [7419/7442] Built Mathlib.Geometry.Manifold.IntegralCurve.UniformTime (19s)
✔ [7420/7443] Built Mathlib.GroupTheory.Nilpotent (21s)
✔ [7422/7443] Built Mathlib.Geometry.Manifold.Riemannian.PathELength (21s)
✔ [7423/7444] Built Mathlib.Geometry.Euclidean.Sphere.Ptolemy (17s)
✔ [7424/7444] Built Mathlib.Geometry.Manifold.VectorBundle.CovariantDerivative.Basic (26s)
✔ [7427/7450] Built Mathlib.GroupTheory.FreeGroup.GeneratorEquiv (13s)
✔ [7429/7450] Built Mathlib.GroupTheory.CommutingProbability (16s)
✔ [7430/7457] Built Mathlib.GroupTheory.FreeGroup.NielsenSchreier (13s)
✔ [7432/7458] Built Mathlib.GroupTheory.Generators (12s)
✔ [7434/7458] Built Mathlib.GroupTheory.Schreier (15s)
✔ [7435/7465] Built Mathlib.GroupTheory.Focal (17s)
✔ [7437/7466] Built Mathlib.Geometry.Manifold.VectorField.Pullback (20s)
✔ [7438/7466] Built Mathlib.GroupTheory.IndexNormal (10s)
✔ [7439/7467] Built Mathlib.GroupTheory.Coxeter.Length (14s)
✔ [7440/7467] Built Mathlib.GroupTheory.Perm.ConjAct (10s)
✔ [7441/7467] Built Mathlib.GroupTheory.Frattini (12s)
✔ [7442/7468] Built Mathlib.SetTheory.Cardinal.Embedding (11s)
✔ [7443/7469] Built Mathlib.GroupTheory.GroupAction.Blocks (17s)
✔ [7444/7469] Built Mathlib.GroupTheory.GroupAction.Period (11s)
✔ [7445/7472] Built Mathlib.GroupTheory.FinitelyPresentedGroup (12s)
✔ [7451/7477] Built Mathlib.Geometry.Manifold.VectorBundle.CovariantDerivative.Metric (19s)
✔ [7452/7478] Built Mathlib.GroupTheory.GroupExtension.Defs (13s)
✔ [7454/7479] Built Mathlib.Geometry.Manifold.Riemannian.Basic (23s)
✔ [7455/7481] Built Mathlib.GroupTheory.HNNExtension (16s)
✔ [7456/7481] Built Mathlib.GroupTheory.IndexNSmul (13s)
✔ [7457/7482] Built Mathlib.GroupTheory.SpecificGroups.Alternating (13s)
✔ [7458/7483] Built Mathlib.GroupTheory.IsPerfect (13s)
✔ [7459/7487] Built Mathlib.GroupTheory.Coxeter.Inversion (15s)
✔ [7460/7492] Built Mathlib.GroupTheory.Perm.DomMulAct (12s)
✔ [7464/7492] Built Mathlib.GroupTheory.IsSubnormal (15s)
✔ [7465/7492] Built Mathlib.GroupTheory.GroupAction.Primitive (16s)
✔ [7466/7492] Built Mathlib.GroupTheory.Perm.Cycle.PossibleTypes (14s)
✔ [7467/7492] Built Mathlib.GroupTheory.GroupExtension.Basic (14s)
✔ [7468/7492] Built Mathlib.Geometry.Manifold.VectorField.LieBracket (24s)
✔ [7469/7492] Built Mathlib.GroupTheory.Perm.Subgroup (11s)
✔ [7470/7507] Built Mathlib.GroupTheory.ResiduallyFinite (12s)
✔ [7481/7507] Built Mathlib.GroupTheory.SchurZassenhaus (14s)
✔ [7483/7517] Built Mathlib.GroupTheory.RegularWreathProduct (15s)
✔ [7495/7520] Built Mathlib.GroupTheory.SpecificGroups.Quaternion (13s)
✔ [7497/7529] Built Mathlib.GroupTheory.PushoutI (17s)
✔ [7498/7529] Built Mathlib.InformationTheory.Hamming (13s)
✔ [7499/7537] Built Mathlib.GroupTheory.GroupAction.Iwasawa (11s)
✔ [7502/7546] Built Mathlib.InformationTheory.Coding.KraftMcMillan (16s)
✔ [7503/7550] Built Mathlib.GroupTheory.Perm.Centralizer (14s)
✔ [7504/7555] Built Mathlib.MeasureTheory.Constructions.Cylinders (13s)
✔ [7505/7559] Built Mathlib.Geometry.Manifold.VectorBundle.CovariantDerivative.Torsion (19s)
✔ [7506/7561] Built Mathlib.Geometry.Manifold.GroupLieAlgebra (20s)
✔ [7507/7562] Built Mathlib.Probability.Kernel.MeasurableIntegral (19s)
✔ [7508/7562] Built Mathlib.GroupTheory.GroupAction.SubMulAction.OfFixingSubgroup (24s)
✔ [7509/7563] Built Mathlib.GroupTheory.SpecificGroups.ZGroup (18s)
✔ [7510/7563] Built Mathlib.Lean.CoreM (3.5s)
✔ [7511/7564] Built Mathlib.MeasureTheory.Function.ConditionalExpectation.Indicator (18s)
✔ [7512/7564] Built Mathlib.Lean.Elab.Tactic.Basic (3.0s)
✔ [7513/7565] Built Mathlib.Lean.EnvExtension (4.2s)
✔ [7514/7566] Built Mathlib.MeasureTheory.VectorMeasure.Basic (22s)
✔ [7515/7566] Built Mathlib.MeasureTheory.Function.LpSeminorm.LpNorm (18s)
✔ [7516/7566] Built Mathlib.GroupTheory.SpecificGroups.Alternating.Centralizer (14s)
✔ [7517/7567] Built Mathlib.Lean.Exception (5.1s)
✔ [7518/7567] Built Mathlib.Probability.Kernel.WithDensity (18s)
✔ [7519/7567] Built Mathlib.Topology.Order.WithTop (21s)
✔ [7520/7568] Built Mathlib.Lean.Json (3.6s)
✔ [7521/7568] Built Mathlib.Lean.LocalContext (3.7s)
✔ [7522/7568] Built Mathlib.Lean.MessageData.ForExprs (3.9s)
✔ [7523/7569] Built Mathlib.MeasureTheory.Measure.Tilted (17s)
✔ [7524/7569] Built Mathlib.Lean.Meta.DiscrTree (3.8s)
✔ [7525/7570] Built Mathlib.MeasureTheory.Function.ConditionalLExpectation (19s)
✔ [7526/7570] Built Mathlib.Lean.Thunk (3.9s)
✔ [7527/7571] Built Mathlib.Probability.Kernel.Composition.IntegralCompProd (20s)
✔ [7528/7572] Built Mathlib.GroupTheory.GroupAction.MultipleTransitivity (20s)
✔ [7529/7572] Built Mathlib.MeasureTheory.VectorMeasure.WithDensity (16s)
✔ [7530/7573] Built Mathlib.MeasureTheory.Function.ConditionalExpectation.PullOut (20s)
✔ [7531/7574] Built Mathlib.GroupTheory.SpecificGroups.Alternating.KleinFour (14s)
✔ [7532/7575] Built Mathlib.MeasureTheory.Function.ConditionalExpectation.CondJensen (20s)
✔ [7533/7575] Built Mathlib.MeasureTheory.VectorMeasure.Decomposition.Hahn (16s)
✔ [7534/7578] Built Mathlib.MeasureTheory.Measure.Complex (16s)
✔ [7535/7581] Built Mathlib.MeasureTheory.Constructions.BorelSpace.WithTop (13s)
✔ [7536/7584] Built Mathlib.LinearAlgebra.AffineSpace.AffineSubspace.Shift (15s)
✔ [7537/7584] Built Mathlib.MeasureTheory.Measure.LogLikelihoodRatio (17s)
✔ [7538/7587] Built Mathlib.LinearAlgebra.AffineSpace.MidpointZero (10s)
✔ [7539/7590] Built Mathlib.MeasureTheory.Function.ConditionalExpectation.LebesgueBochner (17s)
✔ [7540/7590] Built Mathlib.LinearAlgebra.AffineSpace.Matrix (14s)
✔ [7541/7591] Built Mathlib.LinearAlgebra.Basis.Flag (11s)
✔ [7542/7592] Built Mathlib.LinearAlgebra.BilinearForm.Isometry (12s)
✔ [7543/7592] Built Mathlib.RingTheory.TensorProduct.IsBaseChangeFree (12s)
✔ [7544/7596] Built Mathlib.LinearAlgebra.Alternating.DomCoprod (17s)
✔ [7545/7597] Built Mathlib.MeasureTheory.VectorMeasure.Decomposition.Jordan (16s)
✔ [7546/7600] Built Mathlib.LinearAlgebra.FixedSubmodule (14s)
✔ [7549/7601] Built Mathlib.GroupTheory.GroupAction.MultiplePrimitivity (20s)
✔ [7550/7601] Built Mathlib.LinearAlgebra.TensorProduct.Opposite (12s)
✔ [7551/7601] Built Mathlib.LinearAlgebra.CliffordAlgebra.Star (12s)
✔ [7552/7601] Built Mathlib.LinearAlgebra.BilinearForm.IsometryEquiv (12s)
✔ [7553/7603] Built Mathlib.LinearAlgebra.QuadraticForm.QuadraticModuleCat (16s)
✔ [7554/7604] Built Mathlib.LinearAlgebra.CliffordAlgebra.Contraction (16s)
✔ [7555/7604] Built Mathlib.LinearAlgebra.QuadraticForm.TensorProduct (20s)
✔ [7556/7605] Built Mathlib.LinearAlgebra.CliffordAlgebra.Even (18s)
✔ [7557/7605] Built Mathlib.RingTheory.TensorProduct.IsBaseChangeHom (18s)
✔ [7558/7605] Built Mathlib.LinearAlgebra.Dimension.Torsion.Basic (14s)
✔ [7559/7607] Built Mathlib.LinearAlgebra.TensorProduct.Graded.External (17s)
✔ [7560/7607] Built Mathlib.LinearAlgebra.Dimension.Torsion.Finite (14s)
✔ [7561/7608] Built Mathlib.MeasureTheory.VectorMeasure.Decomposition.Lebesgue (18s)
✔ [7562/7608] Built Mathlib.LinearAlgebra.DirectSum.Basis (14s)
✔ [7563/7608] Built Mathlib.GroupTheory.GroupAction.Jordan (18s)
✔ [7564/7609] Built Mathlib.LinearAlgebra.CliffordAlgebra.CategoryTheory (14s)
✔ [7565/7609] Built Mathlib.LinearAlgebra.CliffordAlgebra.Equivs (16s)
✔ [7566/7610] Built Mathlib.LinearAlgebra.CliffordAlgebra.Inversion (15s)
✔ [7567/7610] Built Mathlib.LinearAlgebra.ExteriorAlgebra.Grading (17s)
✔ [7568/7611] Built Mathlib.LinearAlgebra.FreeModule.Int (16s)
✔ [7569/7611] Built Mathlib.LinearAlgebra.CliffordAlgebra.BaseChange (16s)
✔ [7570/7612] Built Mathlib.LinearAlgebra.CliffordAlgebra.EvenEquiv (17s)
✔ [7571/7613] Built Mathlib.LinearAlgebra.TensorAlgebra.ToTensorPower (13s)
✔ [7573/7614] Built Mathlib.LinearAlgebra.FreeModule.ModN (17s)
✔ [7574/7615] Built Mathlib.LinearAlgebra.Dual.BaseChange (17s)
✔ [7575/7615] Built Mathlib.LinearAlgebra.Goursat (14s)
✔ [7576/7616] Built Mathlib.MeasureTheory.VectorMeasure.Decomposition.RadonNikodym (17s)
✔ [7577/7616] Built Mathlib.GroupTheory.Perm.MaximalSubgroups (15s)
✔ [7578/7617] Built Mathlib.LinearAlgebra.LinearIndependent.BaseChange (13s)
✔ [7579/7617] Built Mathlib.LinearAlgebra.TensorProduct.Graded.Internal (23s)
✔ [7580/7618] Built Mathlib.LinearAlgebra.CliffordAlgebra.SpinGroup (15s)
✔ [7581/7618] Built Mathlib.LinearAlgebra.Matrix.AbsoluteValue (13s)
✔ [7582/7619] Built Mathlib.LinearAlgebra.ExteriorAlgebra.Basis (13s)
✔ [7583/7622] Built Mathlib.LinearAlgebra.Matrix.Bilinear (13s)
✔ [7585/7623] Built Mathlib.LinearAlgebra.Matrix.Charpoly.FiniteField (13s)
✔ [7586/7624] Built Mathlib.LinearAlgebra.Matrix.Circulant (12s)
✔ [7587/7625] Built Mathlib.LinearAlgebra.FreeProduct.Basic (15s)
✔ [7588/7626] Built Mathlib.LinearAlgebra.Matrix.Determinant.Misc (11s)
✔ [7589/7627] Built Mathlib.LinearAlgebra.Matrix.Determinant.TotallyNonneg (11s)
✔ [7590/7628] Built Mathlib.GroupTheory.SpecificGroups.Alternating.MaximalSubgroups (13s)
✔ [7591/7628] Built Mathlib.LinearAlgebra.Matrix.Determinant.TotallyUnimodular (13s)
✔ [7592/7629] Built Mathlib.LinearAlgebra.Transvection.Basic (19s)
✔ [7594/7633] Built Mathlib.LinearAlgebra.Matrix.DualNumber (12s)
✔ [7597/7633] Built Mathlib.MeasureTheory.Function.ConditionalExpectation.Real (18s)
✔ [7598/7634] Built Mathlib.LinearAlgebra.CliffordAlgebra.Prod (15s)
✔ [7599/7634] Built Mathlib.LinearAlgebra.Matrix.FiniteDimensional (13s)
✔ [7600/7635] Built Mathlib.LinearAlgebra.Matrix.Echelon.Pivot (15s)
✔ [7601/7635] Built Mathlib.LinearAlgebra.Matrix.FixedDetMatrices (15s)
✔ [7602/7636] Built Mathlib.LinearAlgebra.Matrix.GeneralLinearGroup.Card (15s)
✔ [7603/7637] Built Mathlib.LinearAlgebra.Matrix.GeneralLinearGroup.MvPolynomial (15s)
✔ [7604/7638] Built Mathlib.LinearAlgebra.Matrix.Gershgorin (16s)
✔ [7605/7639] Built Mathlib.LinearAlgebra.Matrix.HadamardMatrix (14s)
✔ [7606/7640] Built Mathlib.LinearAlgebra.Matrix.IsDiag (12s)
✔ [7607/7641] Built Mathlib.GroupTheory.GroupAction.SubMulAction.Combination (14s)
✔ [7608/7641] Built Mathlib.LinearAlgebra.Matrix.Module (12s)
✔ [7609/7641] Built Mathlib.LinearAlgebra.Center (14s)
✔ [7610/7645] Built Mathlib.LinearAlgebra.Matrix.Permanent (12s)
✔ [7611/7646] Built Mathlib.LinearAlgebra.Matrix.Nonsingular (17s)
✔ [7612/7649] Built Mathlib.LinearAlgebra.Matrix.Echelon.Decomposition (14s)
✔ [7613/7651] Built Mathlib.Probability.Process.Filtration (17s)
✔ [7614/7652] Built Mathlib.LinearAlgebra.Matrix.Unique (12s)
✔ [7615/7652] Built Mathlib.LinearAlgebra.Matrix.Swap (15s)
✔ [7616/7652] Built Mathlib.LinearAlgebra.PiTensorProduct (9.9s)
✔ [7617/7655] Built Mathlib.LinearAlgebra.Multilinear.FiniteDimensional (12s)
✔ [7618/7655] Built Mathlib.LinearAlgebra.Multilinear.Pi (12s)
✔ [7619/7659] Built Mathlib.LinearAlgebra.Multilinear.DirectSum (13s)
✔ [7620/7659] Built Mathlib.LinearAlgebra.Matrix.WithConv (15s)
✔ [7621/7661] Built Mathlib.LinearAlgebra.PiTensorProduct.DFinsupp (12s)
✔ [7622/7662] Built Mathlib.GroupTheory.SpecificGroups.Alternating.Simple (16s)
✔ [7623/7662] Built Mathlib.LinearAlgebra.PiTensorProduct.Generators (12s)
✔ [7624/7664] Built Mathlib.RingTheory.PiTensorProduct (16s)
✔ [7625/7665] Built Mathlib.Probability.Process.PartitionFiltration (16s)
✔ [7626/7666] Built Mathlib.LinearAlgebra.Projectivization.Independence (12s)
✔ [7627/7668] Built Mathlib.LinearAlgebra.Projectivization.Cardinality (13s)
✔ [7628/7668] Built Mathlib.Probability.Process.Adapted (17s)
✔ [7629/7668] Built Mathlib.LinearAlgebra.Projectivization.Subspace (13s)
✔ [7630/7668] Built Mathlib.LinearAlgebra.QuadraticForm.AlgClosed (13s)
✔ [7631/7669] Built Mathlib.LinearAlgebra.QuadraticForm.Basis (14s)
✔ [7632/7674] Built Mathlib.LinearAlgebra.PiTensorProduct.Finite (12s)
✔ [7633/7675] Built Mathlib.LinearAlgebra.PiTensorProduct.DirectSum (16s)
✔ [7634/7676] Built Mathlib.LinearAlgebra.SpecialLinearGroup (23s)
✔ [7635/7676] Built Mathlib.LinearAlgebra.QuadraticForm.TensorProduct.Isometries (18s)
✔ [7636/7677] Built Mathlib.LinearAlgebra.Quotient.Bilinear (11s)
✔ [7637/7677] Built Mathlib.LinearAlgebra.PiTensorProduct.Finsupp (12s)
✔ [7638/7678] Built Mathlib.LinearAlgebra.QuadraticForm.Real (16s)
✔ [7639/7678] Built Mathlib.LinearAlgebra.Projectivization.Collinear (14s)
✔ [7640/7679] Built Mathlib.Probability.Process.Predictable (19s)
✔ [7641/7680] Built Mathlib.LinearAlgebra.SModEq.Pow (14s)
✔ [7642/7681] Built Mathlib.LinearAlgebra.RootSystem.OfBilinear (16s)
✔ [7643/7682] Built Mathlib.LinearAlgebra.RootSystem.RootPairingCat (15s)
✔ [7644/7683] Built Mathlib.Probability.Process.Stopping (21s)
✔ [7645/7683] Built Mathlib.LinearAlgebra.RootSystem.GeckConstruction.Basic (22s)
✔ [7646/7684] Built Mathlib.LinearAlgebra.SesquilinearForm.Star (14s)
✔ [7647/7684] Built Mathlib.LinearAlgebra.Projectivization.Action (19s)
✔ [7648/7685] Built Mathlib.LinearAlgebra.QuadraticForm.QuadraticModuleCat.Monoidal (19s)
✔ [7649/7685] Built Mathlib.LinearAlgebra.RootSystem.Finite.G2 (30s)
✔ [7650/7685] Built Mathlib.LinearAlgebra.QuadraticForm.Radical (16s)
✔ [7651/7686] Built Mathlib.LinearAlgebra.PiTensorProduct.Basis (12s)
✔ [7652/7686] Built Mathlib.LinearAlgebra.SymmetricAlgebra.Basic (15s)
✔ [7653/7686] Built Mathlib.LinearAlgebra.TensorAlgebra.Basis (13s)
✔ [7654/7687] Built Mathlib.LinearAlgebra.TensorProduct.Free (11s)
✔ [7655/7687] Built Mathlib.LinearAlgebra.TensorAlgebra.Grading (12s)
✔ [7656/7687] Built Mathlib.LinearAlgebra.TensorPower.Symmetric (13s)
✔ [7658/7691] Built Mathlib.LinearAlgebra.TensorProduct.Matrix (12s)
✔ [7662/7692] Built Mathlib.Probability.Martingale.Basic (19s)
✔ [7663/7693] Built Mathlib.Probability.Process.HittingTime (17s)
✔ [7664/7693] Built Mathlib.LinearAlgebra.Transvection (13s)
✔ [7665/7695] Built Mathlib.Logic.IsEmpty (4.4s)
✔ [7667/7695] Built Mathlib.LinearAlgebra.Projectivization.PSL.Stabilizer (16s)
✔ [7668/7700] Built Mathlib.LinearAlgebra.QuadraticForm.QuadraticModuleCat.Symmetric (17s)
✔ [7669/7700] Built Mathlib.LinearAlgebra.SymmetricAlgebra.Basis (13s)
✔ [7671/7700] Built Mathlib.LinearAlgebra.QuadraticForm.Signature (16s)
✔ [7672/7701] Built Mathlib.LinearAlgebra.PiTensorProduct.Dual (16s)
✔ [7673/7703] Built Mathlib.LinearAlgebra.Transvection.Generation (19s)
✔ [7675/7704] Built Mathlib.LinearAlgebra.RootSystem.GeckConstruction.Lemmas (20s)
✔ [7676/7704] Built Mathlib.Logic.Hydra (13s)
✔ [7677/7704] Built Mathlib.LinearAlgebra.RootSystem.GeckConstruction.Semisimple (26s)
✔ [7678/7709] Built Mathlib.MeasureTheory.Category.MeasCat (17s)
✔ [7680/7709] Built Mathlib.MeasureTheory.SetAlgebra (10s)
✔ [7681/7722] Built Mathlib.MeasureTheory.Constructions.ClosedCompactCylinders (14s)
✔ [7687/7723] Built Mathlib.Probability.Martingale.Upcrossing (18s)
✔ [7689/7723] Built Mathlib.MeasureTheory.Constructions.SimpleGraph (11s)
✔ [7690/7724] Built Mathlib.MeasureTheory.Constructions.Projective (15s)
✔ [7692/7725] Built Mathlib.LinearAlgebra.Projectivization.PSL.PSL2 (15s)
✔ [7693/7726] Built Mathlib.MeasureTheory.Measure.AddContent (18s)
✔ [7695/7726] Built Mathlib.MeasureTheory.Function.AEEqFun.DomAct (16s)
✔ [7696/7728] Built Mathlib.MeasureTheory.Covering.LiminfLimsup (18s)
✔ [7698/7728] Built Mathlib.LinearAlgebra.RootSystem.GeckConstruction.Relations (18s)
✔ [7700/7729] Built Mathlib.MeasureTheory.Function.BorelGrowth (17s)
✔ [7701/7731] Built Mathlib.MeasureTheory.Measure.Tight (16s)
✔ [7702/7731] Built Mathlib.MeasureTheory.Function.Floor (14s)
✔ [7703/7732] Built Mathlib.MeasureTheory.Function.FactorsThrough (16s)
✔ [7704/7733] Built Mathlib.Probability.Martingale.Convergence (17s)
✔ [7705/7733] Built Mathlib.MeasureTheory.Function.LpSeminorm.Count (15s)
✔ [7706/7734] Built Mathlib.MeasureTheory.Function.Intersectivity (17s)
✔ [7707/7735] Built Mathlib.MeasureTheory.Measure.FiniteMeasure (21s)
✔ [7708/7735] Built Mathlib.Topology.Algebra.Constructions.DomMulAct (10s)
✔ [7709/7736] Built Mathlib.MeasureTheory.Function.LpSpace.ContinuousCompMeasurePreserving (15s)
✔ [7710/7737] Built Mathlib.MeasureTheory.Constructions.ProjectiveFamilyContent (13s)
✔ [7711/7738] Built Mathlib.MeasureTheory.Function.LpSpace.DomAct.Basic (16s)
✔ [7713/7739] Built Mathlib.MeasureTheory.Function.SpecialFunctions.Arctan (13s)
✔ [7714/7739] Built Mathlib.MeasureTheory.Function.Piecewise (13s)
✔ [7715/7743] Built Mathlib.LinearAlgebra.RootSystem.GeckConstruction.Basis (17s)
✔ [7716/7743] Built Mathlib.MeasureTheory.Function.SpecialFunctions.Inner (13s)
✔ [7717/7746] Built Mathlib.MeasureTheory.Function.SpecialFunctions.RCLike (13s)
✔ [7718/7747] Built Mathlib.MeasureTheory.Function.SpecialFunctions.Sinc (13s)
✔ [7719/7748] Built Mathlib.Probability.Kernel.Disintegration.Density (15s)
✔ [7720/7748] Built Mathlib.MeasureTheory.Function.UnifTight (14s)
✔ [7721/7748] Built Mathlib.MeasureTheory.Group.FoelnerFilter (14s)
✔ [7722/7752] Built Mathlib.MeasureTheory.Measure.ProbabilityMeasure (16s)
✔ [7723/7752] Built Mathlib.MeasureTheory.Group.GeometryOfNumbers (16s)
✔ [7724/7752] Built Mathlib.Topology.Algebra.Order.Support (10s)
✔ [7725/7753] Built Mathlib.MeasureTheory.Function.LpSpace.DomAct.Continuous (14s)
✔ [7726/7753] Built Mathlib.Topology.Homotopy.Affine (12s)
✔ [7727/7754] Built Mathlib.MeasureTheory.Group.ModularCharacter (15s)
✔ [7728/7759] Built Mathlib.MeasureTheory.Integral.CircleTransform (15s)
✔ [7730/7760] Built Mathlib.MeasureTheory.Integral.Indicator (13s)
✔ [7731/7762] Built Mathlib.MeasureTheory.Integral.Gamma (15s)
✔ [7733/7762] Built Mathlib.MeasureTheory.Integral.CurveIntegral.Basic (20s)
✔ [7734/7762] Built Mathlib.Probability.Kernel.RadonNikodym (16s)
✔ [7735/7764] Built Mathlib.MeasureTheory.Integral.IntervalIntegral.DistLEIntegral (16s)
✔ [7736/7765] Built Mathlib.MeasureTheory.Integral.MeanValue (15s)
✔ [7738/7767] Built Mathlib.MeasureTheory.Integral.LebesgueNormedSpace (14s)
✔ [7740/7767] Built Mathlib.MeasureTheory.Measure.Portmanteau (18s)
✔ [7741/7767] Built Mathlib.MeasureTheory.Integral.Regular (15s)
✔ [7742/7770] Built Mathlib.MeasureTheory.MeasurableSpace.NCard (11s)
✔ [7743/7771] Built Mathlib.MeasureTheory.MeasurableSpace.Card (12s)
✔ [7744/7774] Built Mathlib.MeasureTheory.Integral.IntervalIntegral.TrapezoidalRule (21s)
✔ [7745/7775] Built Mathlib.MeasureTheory.Integral.TorusIntegral (17s)
✔ [7746/7776] Built Mathlib.MeasureTheory.Measure.CharacteristicFunction (16s)
✔ [7747/7777] Built Mathlib.Topology.ContinuousMap.CompactlySupported (23s)
✔ [7748/7777] Built Mathlib.Probability.Kernel.Composition.AbsolutelyContinuous (16s)
✔ [7749/7777] Built Mathlib.MeasureTheory.Integral.IntervalIntegral.MeanValue (16s)
✔ [7750/7777] Built Mathlib.Topology.Algebra.Group.Extension (12s)
✔ [7751/7778] Built Mathlib.MeasureTheory.Measure.CharacteristicFunction.TaylorExpansion (19s)
✔ [7752/7780] Built Mathlib.Topology.Separation.CompletelyRegular (17s)
✔ [7753/7781] Built Mathlib.MeasureTheory.Integral.CurveIntegral.Poincare (26s)
✔ [7754/7782] Built Mathlib.MeasureTheory.Measure.Haar.DistribChar (19s)
✔ [7755/7782] Built Mathlib.MeasureTheory.Function.ConvergenceInDistribution (21s)
✔ [7756/7784] Built Mathlib.MeasureTheory.Measure.LevyProkhorovMetric (21s)
✔ [7757/7785] Built Mathlib.MeasureTheory.Measure.Haar.MulEquivHaarChar (19s)
✔ [7758/7785] Built Mathlib.MeasureTheory.Integral.RieszMarkovKakutani.Basic (16s)
✔ [7759/7786] Built Mathlib.MeasureTheory.Integral.CompactlySupported (16s)
✔ [7760/7786] Built Mathlib.MeasureTheory.Measure.IntegralCharFun (20s)
✔ [7761/7787] Built Mathlib.Probability.Kernel.CompProdEqIff (16s)
✔ [7762/7787] Built Mathlib.MeasureTheory.Measure.Lebesgue.VolumeOfBalls (18s)
✔ [7763/7788] Built Mathlib.MeasureTheory.Measure.DiracProba (16s)
✔ [7764/7789] Built Mathlib.MeasureTheory.Measure.Typeclasses.NoAtoms (1.8s)
✔ [7765/7790] Built Mathlib.MeasureTheory.Measure.TightNormed (15s)
✔ [7766/7791] Built Mathlib.MeasureTheory.Measure.MeasuredSets (15s)
✔ [7767/7792] Built Mathlib.MeasureTheory.Measure.PreVariation (15s)
✔ [7768/7793] Built Mathlib.MeasureTheory.Measure.HasOuterApproxClosedProd (30s)
✔ [7769/7794] Built Mathlib.MeasureTheory.Measure.FiniteMeasurePi (16s)
✔ [7770/7800] Built Mathlib.MeasureTheory.Measure.FiniteMeasureProd (17s)
✔ [7771/7801] Built Mathlib.MeasureTheory.Measure.Support (14s)
✔ [7772/7801] Built Mathlib.MeasureTheory.Measure.SubFinite (12s)
✔ [7773/7806] Built Mathlib.MeasureTheory.Measure.WithDensityFinite (12s)
✔ [7774/7806] Built Mathlib.Probability.Kernel.Composition.RadonNikodym (16s)
✔ [7775/7809] Built Mathlib.MeasureTheory.Measure.SeparableMeasure (21s)
✔ [7776/7811] Built Mathlib.MeasureTheory.Order.Group.Lattice (13s)
✔ [7777/7813] Built Mathlib.MeasureTheory.Measure.Typeclasses.ZeroOne (15s)
✔ [7778/7820] Built Mathlib.MeasureTheory.Order.UpperLower (15s)
✔ [7779/7820] Built Mathlib.MeasureTheory.OuterMeasure.OfAddContent (13s)
✔ [7781/7822] Built Mathlib.MeasureTheory.VectorMeasure.Variation.Defs (13s)
✔ [7782/7822] Built Mathlib.MeasureTheory.Integral.RieszMarkovKakutani.Real (24s)
✔ [7783/7823] Built Mathlib.MeasureTheory.SpecificCodomains.Pi (16s)
✔ [7784/7823] Built Mathlib.MeasureTheory.VectorMeasure.Decomposition.JordanSub (12s)
✔ [7785/7823] Built Mathlib.ModelTheory.Arithmetic.Presburger.Basic (10s)
✔ [7786/7823] Built Mathlib.MeasureTheory.Measure.ResolventTransform (17s)
✔ [7787/7823] Built Mathlib.ModelTheory.FinitelyGenerated (10s)
✔ [7788/7825] Built Mathlib.ModelTheory.Equivalence (11s)
✔ [7790/7826] Built Mathlib.ModelTheory.Arithmetic.Presburger.Semilinear.Defs (11s)
✔ [7791/7826] Built Mathlib.Topology.Connected.Separation (9.9s)
✔ [7792/7826] Built Mathlib.ModelTheory.Types (11s)
✔ [7793/7826] Built Mathlib.ModelTheory.Graph (11s)
✔ [7794/7828] Built Mathlib.Topology.Baire.LocallyCompactRegular (11s)
✔ [7795/7829] Built Mathlib.MeasureTheory.Measure.Decomposition.IntegralRNDeriv (18s)
✔ [7796/7829] Built Mathlib.MeasureTheory.VectorMeasure.Variation.Basic (15s)
✔ [7797/7830] Built Mathlib.ModelTheory.DirectLimit (12s)
✔ [7798/7830] Built Mathlib.Topology.Order.IsLocallyClosed (11s)
✔ [7799/7831] Built Mathlib.ModelTheory.Complexity (13s)
✔ [7800/7831] Built Mathlib.MeasureTheory.Integral.RieszMarkovKakutani.NNReal (14s)
✔ [7801/7831] Built Mathlib.NumberTheory.AlmostPrime (12s)
✔ [7802/7831] Built Mathlib.MeasureTheory.SpecificCodomains.WithLp (17s)
✔ [7803/7831] Built Mathlib.ModelTheory.Topology.Types (12s)
✔ [7804/7831] Built Mathlib.ModelTheory.Arithmetic.Presburger.Semilinear.Basic (16s)
✔ [7805/7831] Built Mathlib.MeasureTheory.Measure.Haar.Extension (23s)
✔ [7806/7831] Built Mathlib.RingTheory.ZMod.UnitsCyclic (16s)
✔ [7807/7831] Built Mathlib.MeasureTheory.Measure.Prokhorov (28s)
✔ [7808/7831] Built Mathlib.NumberTheory.ArithmeticFunction.Liouville (12s)
✔ [7809/7831] Built Mathlib.MeasureTheory.Function.ConditionalExpectation.RadonNikodym (17s)
✔ [7810/7840] Built Mathlib.MeasureTheory.VectorMeasure.Variation.SignedMeasure (14s)
✔ [7811/7840] Built Mathlib.ModelTheory.PartialEquiv (12s)
✔ [7812/7844] Built Mathlib.MeasureTheory.VectorMeasure.Variation.Semivariation (16s)
✔ [7814/7844] Built Mathlib.InformationTheory.KullbackLeibler.KLFun (17s)
✔ [7815/7844] Built Mathlib.NumberTheory.ArithmeticFunction.VonMangoldt (14s)
✔ [7816/7844] Built Mathlib.NumberTheory.Basic (11s)
✔ [7817/7847] Built Mathlib.ModelTheory.Arithmetic.Presburger.Definability (12s)
✔ [7818/7849] Built Mathlib.NumberTheory.AbelSummation (19s)
✔ [7819/7849] Built Mathlib.RingTheory.MvPowerSeries.Derivative (13s)
✔ [7820/7849] Built Mathlib.NumberTheory.PrimeCounting (13s)
✔ [7821/7854] Built Mathlib.NumberTheory.ArithmeticFunction.Carmichael (16s)
✔ [7822/7854] Built Mathlib.ModelTheory.Fraisse (13s)
✔ [7823/7854] Built Mathlib.NumberTheory.ClassNumber.AdmissibleAbs (13s)
✔ [7824/7857] Built Mathlib.NumberTheory.ClassNumber.AdmissibleCardPowDegree (15s)
✔ [7825/7859] Built Mathlib.MeasureTheory.Measure.LevyConvergence (20s)
✔ [7826/7859] Built Mathlib.RingTheory.Adjoin.Polynomial.Bivariate (13s)
✔ [7827/7860] Built Mathlib.NumberTheory.ClassNumber.Finite (19s)
✔ [7828/7862] Built Mathlib.InformationTheory.KullbackLeibler.Basic (17s)
✔ [7829/7862] Built Mathlib.NumberTheory.Primorial (12s)
✔ [7830/7862] Built Mathlib.RingTheory.PowerSeries.Derivative (14s)
✔ [7831/7864] Built Mathlib.NumberTheory.Padics.RingHoms (18s)
✔ [7832/7864] Built Mathlib.RingTheory.Discriminant (16s)
✔ [7833/7864] Built Mathlib.ModelTheory.Order (15s)
✔ [7834/7864] Built Mathlib.NumberTheory.Cyclotomic.Gal (17s)
✔ [7835/7864] Built Mathlib.NumberTheory.DirichletCharacter.Bounds (14s)
✔ [7836/7865] Built Mathlib.NumberTheory.DiophantineApproximation.Basic (18s)
✔ [7837/7865] Built Mathlib.NumberTheory.Zsqrtd.Basic (19s)
✔ [7838/7865] Built Mathlib.MeasureTheory.VectorMeasure.Integral (52s)
✔ [7839/7867] Built Mathlib.NumberTheory.FunctionField (19s)
✔ [7840/7868] Built Mathlib.InformationTheory.KullbackLeibler.ChainRule (19s)
✔ [7841/7868] Built Mathlib.NumberTheory.MulChar.Duality (17s)
✔ [7842/7869] Built Mathlib.NumberTheory.Bertrand (17s)
✔ [7843/7869] Built Mathlib.RingTheory.PowerSeries.Exp (16s)
✔ [7844/7869] Built Mathlib.NumberTheory.SmoothNumbers (14s)
✔ [7845/7870] Built Mathlib.NumberTheory.Cyclotomic.CyclotomicCharacter (19s)
✔ [7846/7874] Built Mathlib.NumberTheory.Chebyshev (24s)
✔ [7847/7877] Built Mathlib.NumberTheory.DiophantineApproximation.ContinuedFractions (15s)
✔ [7848/7880] Built Mathlib.NumberTheory.PellMatiyasevic (16s)
✔ [7849/7881] Built Mathlib.RingTheory.Localization.NormTrace (17s)
✔ [7850/7881] Built Mathlib.NumberTheory.ClassNumber.FunctionField (17s)
✔ [7851/7881] Built Mathlib.NumberTheory.LSeries.Convergence (17s)
✔ [7852/7881] Built Mathlib.InformationTheory.KullbackLeibler.DataProcessing (18s)
✔ [7853/7883] Built Mathlib.NumberTheory.EulerProduct.Basic (16s)
✔ [7854/7883] Built Mathlib.NumberTheory.DirichletCharacter.Orthogonality (17s)
✔ [7855/7883] Built Mathlib.NumberTheory.Bernoulli (20s)
✔ [7856/7883] Built Mathlib.MeasureTheory.VectorMeasure.SetIntegral (29s)
✔ [7857/7883] Built Mathlib.NumberTheory.LSeries.MellinEqDirichlet (18s)
✔ [7858/7883] Built Mathlib.NumberTheory.ModularForms.JacobiTheta.TwoVariable (21s)
✔ [7859/7883] Built Mathlib.NumberTheory.LSeries.AbstractFuncEq (22s)
✔ [7860/7884] Built Mathlib.NumberTheory.Dioph (19s)
✔ [7861/7887] Built Mathlib.NumberTheory.SumPrimeReciprocals (19s)
✔ [7862/7888] Built Mathlib.NumberTheory.FLT.Basic (17s)
✔ [7863/7888] Built Mathlib.NumberTheory.NumberField.Discriminant.Defs (18s)
✔ [7864/7890] Built Mathlib.NumberTheory.EulerProduct.ExpLog (15s)
✔ [7865/7890] Built Mathlib.NumberTheory.LSeries.Deriv (17s)
✔ [7866/7896] Built Mathlib.NumberTheory.LSeries.Convolution (17s)
✔ [7867/7897] Built Mathlib.NumberTheory.PythagoreanTriples (17s)
✔ [7868/7897] Built Mathlib.RingTheory.Polynomial.Wronskian (11s)
✔ [7869/7905] Built Mathlib.NumberTheory.BernoulliPolynomials (16s)
✔ [7870/7905] Built Mathlib.NumberTheory.ModularForms.JacobiTheta.Bounds (16s)
✔ [7871/7905] Built Mathlib.RingTheory.Radical.Basic (13s)
✔ [7872/7906] Built Mathlib.MeasureTheory.VectorMeasure.AddContent (20s)
✔ [7873/7906] Built Mathlib.NumberTheory.Cyclotomic.Discriminant (17s)
✔ [7874/7906] Built Mathlib.NumberTheory.NumberField.Norm (15s)
✔ [7875/7906] Built Mathlib.RingTheory.FractionalIdeal.Norm (17s)
✔ [7876/7908] Built Mathlib.NumberTheory.LSeries.Positivity (16s)
✔ [7877/7908] Built Mathlib.Topology.Instances.Complex (16s)
✔ [7878/7908] Built Mathlib.MeasureTheory.VectorMeasure.WithDensityVec (30s)
✔ [7879/7913] Built Mathlib.NumberTheory.FLT.Four (16s)
✔ [7880/7916] Built Mathlib.MeasureTheory.VectorMeasure.Prod (29s)
✔ [7881/7919] Built Mathlib.RingTheory.Polynomial.Radical (13s)
✔ [7882/7919] Built Mathlib.NumberTheory.LSeries.HurwitzZetaEven (19s)
✔ [7883/7920] Built Mathlib.RingTheory.RamificationInertia.Basic (20s)
✔ [7884/7923] Built Mathlib.NumberTheory.NumberField.FractionalIdeal (16s)
✔ [7885/7923] Built Mathlib.NumberTheory.LSeries.HurwitzZetaOdd (20s)
✔ [7887/7928] Built Mathlib.NumberTheory.RamificationInertia.Unramified (18s)
✔ [7888/7928] Built Mathlib.MeasureTheory.VectorMeasure.BoundedVariation (19s)
✔ [7889/7928] Built Mathlib.RingTheory.IntegralClosure.IntegralRestrict (31s)
✔ [7890/7928] Built Mathlib.RingTheory.Ideal.Quotient.Index (16s)
✔ [7891/7930] Built Mathlib.RingTheory.DedekindDomain.PID (17s)
✔ [7892/7930] Built Mathlib.RingTheory.FractionalIdeal.Extended (20s)
✔ [7893/7932] Built Mathlib.NumberTheory.NumberField.InfinitePlace.Basic (22s)
✔ [7894/7935] Built Mathlib.RingTheory.Ideal.Int (16s)
✔ [7895/7935] Built Mathlib.NumberTheory.FLT.MasonStothers (15s)
✔ [7896/7935] Built Mathlib.RingTheory.Fintype (12s)
✔ [7897/7935] Built Mathlib.NumberTheory.FactorisationProperties (12s)
✔ [7898/7937] Built Mathlib.NumberTheory.LSeries.HurwitzZeta (17s)
✔ [7899/7938] Built Mathlib.RingTheory.LocalRing.Quotient (14s)
✔ [7900/7938] Built Mathlib.RingTheory.Invariant.Galois (15s)
✔ [7901/7939] Built Mathlib.RingTheory.Polynomial.Eisenstein.IsIntegral (20s)
✔ [7902/7939] Built Mathlib.NumberTheory.LegendreSymbol.QuadraticChar.Basic (14s)
✔ [7903/7940] Built Mathlib.RingTheory.NormalClosure (26s)
✔ [7904/7940] Built Mathlib.NumberTheory.LucasPrimality (12s)
✔ [7905/7942] Built Mathlib.NumberTheory.FLT.Polynomial (15s)
✔ [7906/7942] Built Mathlib.NumberTheory.FermatPsp (15s)
✔ [7907/7942] Built Mathlib.RingTheory.DedekindDomain.Instances (23s)
✔ [7908/7944] Built Mathlib.NumberTheory.NumberField.InfinitePlace.Ramification (21s)
✔ [7909/7945] Built Mathlib.RingTheory.Ideal.NatInt (13s)
✔ [7910/7945] Built Mathlib.NumberTheory.NumberField.Units.Basic (20s)
✔ [7911/7946] Built Mathlib.RingTheory.Trace.Quotient (16s)
✔ [7912/7948] Built Mathlib.NumberTheory.LSeries.RiemannZeta (17s)
✔ [7913/7949] Built Mathlib.NumberTheory.Harmonic.Bounds (17s)
✔ [7914/7949] Built Mathlib.NumberTheory.Harmonic.Int (14s)
✔ [7915/7951] Built Mathlib.NumberTheory.LegendreSymbol.QuadraticChar.GaussSum (15s)
✔ [7916/7953] Built Mathlib.NumberTheory.HeckeRing.Defs (10s)
✔ [7917/7955] Built Mathlib.NumberTheory.RamificationInertia.Galois (19s)
✔ [7918/7955] Built Mathlib.NumberTheory.LegendreSymbol.Basic (13s)
✔ [7919/7955] Built Mathlib.NumberTheory.FrobeniusNumber (14s)
✔ [7920/7957] Built Mathlib.NumberTheory.Height.Basic (17s)
✔ [7921/7957] Built Mathlib.NumberTheory.NumberField.InfinitePlace.TotallyRealComplex (17s)
✔ [7922/7957] Built Mathlib.RingTheory.Algebraic.Denominator (13s)
✔ [7923/7957] Built Mathlib.NumberTheory.LSeries.Dirichlet (17s)
✔ [7924/7959] Built Mathlib.NumberTheory.NumberField.ProductFormula (19s)
✔ [7925/7959] Built Mathlib.RingTheory.RootsOfUnity.Lemmas (15s)
✔ [7926/7960] Built Mathlib.NumberTheory.NumberField.CanonicalEmbedding.Basic (28s)
✔ [7927/7960] Built Mathlib.RingTheory.IsAdjoinRoot (20s)
✔ [7928/7961] Built Mathlib.NumberTheory.LegendreSymbol.QuadraticReciprocity (18s)
✔ [7929/7961] Built Mathlib.NumberTheory.Height.Projectivization (17s)
✔ [7930/7961] Built Mathlib.NumberTheory.Height.Northcott (16s)
✔ [7931/7961] Built Mathlib.NumberTheory.LSeries.ZMod (25s)
✔ [7932/7962] Built Mathlib.RingTheory.Ideal.Norm.RelNorm (29s)
✔ [7933/7963] Built Mathlib.NumberTheory.Height.MvPolynomial (23s)
✔ [7934/7963] Built Mathlib.NumberTheory.ZetaValues (22s)
✔ [7935/7964] Built Mathlib.NumberTheory.NumberField.Cyclotomic.Embeddings (24s)
✔ [7936/7965] Built Mathlib.NumberTheory.LSeries.Linearity (18s)
✔ [7937/7965] Built Mathlib.RingTheory.DedekindDomain.Different (45s)
✔ [7938/7965] Built Mathlib.NumberTheory.JacobiSum.Basic (21s)
✔ [7939/7966] Built Mathlib.NumberTheory.NumberField.EquivReindex (21s)
✔ [7940/7966] Built Mathlib.NumberTheory.EulerProduct.DirichletLSeries (26s)
✔ [7941/7966] Built Mathlib.NumberTheory.NumberField.CanonicalEmbedding.ConvexBody (24s)
✔ [7942/7966] Built Mathlib.NumberTheory.Fermat (19s)
✔ [7943/7967] Built Mathlib.NumberTheory.KummerDedekind (22s)
✔ [7944/7967] Built Mathlib.NumberTheory.Harmonic.ZetaAsymp (36s)
✔ [7945/7968] Built Mathlib.NumberTheory.LSeries.SumCoeff (20s)
✔ [7946/7968] Built Mathlib.NumberTheory.Height.EllipticCurve (17s)
✔ [7947/7972] Built Mathlib.NumberTheory.LSeries.HurwitzZetaValues (18s)
✔ [7948/7973] Built Mathlib.NumberTheory.Height.NumberField (24s)
✔ [7949/7973] Built Mathlib.NumberTheory.LegendreSymbol.Complex (20s)
✔ [7950/7977] Built Mathlib.NumberTheory.LegendreSymbol.GaussEisensteinLemmas (15s)
✔ [7951/7978] Built Mathlib.NumberTheory.LSeries.Injectivity (17s)
✔ [7952/7978] Built Mathlib.NumberTheory.LegendreSymbol.JacobiSymbol (18s)
✔ [7953/7980] Built Mathlib.NumberTheory.LSeries.DirichletContinuation (20s)
✔ [7954/7980] Built Mathlib.NumberTheory.NumberField.Units.DirichletTheorem (20s)
✔ [7955/7984] Built Mathlib.Topology.Algebra.Module.Compact (14s)
✔ [7956/7986] Built Mathlib.RingTheory.Ideal.IsPrincipalPowQuotient (14s)
✔ [7957/7986] Built Mathlib.RingTheory.Valuation.DiscreteValuativeRel (16s)
✔ [7958/7988] Built Mathlib.NumberTheory.NumberField.Discriminant.Basic (22s)
✔ [7959/7988] Built Mathlib.RingTheory.SimpleRing.Field (13s)
✔ [7960/7988] Built Mathlib.NumberTheory.MaricaSchoenheim (13s)
✔ [7961/7998] Built Mathlib.Topology.Algebra.Valued.ValuativeRel (17s)
✔ [7963/7999] Built Mathlib.RingTheory.DedekindDomain.LinearDisjoint (33s)
✔ [7964/8006] Built Mathlib.NumberTheory.LucasLehmer (23s)
✔ [7965/8016] Built Mathlib.Topology.Algebra.Order.ArchimedeanDiscrete (14s)
✔ [7966/8017] Built Mathlib.Topology.Algebra.IsUniformGroup.DiscreteSubgroup (14s)
✔ [7967/8022] Built Mathlib.Topology.Compactification.OnePoint.ProjectiveLine (17s)
✔ [7968/8022] Built Mathlib.NumberTheory.LSeries.Nonvanishing (21s)
✔ [7969/8022] Built Mathlib.RingTheory.SimpleRing.Principal (16s)
✔ [7970/8024] Built Mathlib.Topology.Algebra.Valued.LocallyCompact (21s)
✔ [7971/8024] Built Mathlib.NumberTheory.ModularForms.SlashActions (20s)
✔ [7972/8024] Built Mathlib.NumberTheory.Modular (29s)
✔ [7973/8024] Built Mathlib.Topology.Algebra.InfiniteSum.ConditionalInt (18s)
✔ [7974/8029] Built Mathlib.NumberTheory.NumberField.ClassNumber (23s)
✔ [7976/8031] Built Mathlib.NumberTheory.TsumDivisorsAntidiagonal (17s)
✔ [7977/8032] Built Mathlib.NumberTheory.NumberField.Discriminant.Different (24s)
✔ [7978/8032] Built Mathlib.NumberTheory.ModularForms.JacobiTheta.OneVariable (19s)
✔ [7979/8032] Built Mathlib.NumberTheory.ModularForms.ArithmeticSubgroups (21s)
✔ [7980/8032] Built Mathlib.NumberTheory.Multiplicity (16s)
✔ [7981/8034] Built Mathlib.Topology.Algebra.Group.DiscontinuousSubgroup (19s)
✔ [7982/8035] Built Mathlib.NumberTheory.LSeries.ZetaZeros (17s)
✔ [7983/8035] Built Mathlib.Topology.Algebra.RestrictedProduct.Units (13s)
✔ [7984/8035] Built Mathlib.NumberTheory.LSeries.PrimesInAP (21s)
✔ [7985/8038] Built Mathlib.NumberTheory.MahlerMeasure (21s)
✔ [7986/8040] Built Mathlib.NumberTheory.LocalField.Basic (20s)
✔ [7987/8042] Built Mathlib.Topology.Algebra.RestrictedProduct.TopologicalSpace (17s)
✔ [7988/8042] Built Mathlib.NumberTheory.NumberField.Completion.InfinitePlace (21s)
✔ [7989/8042] Built Mathlib.NumberTheory.ModularForms.JacobiTheta.Manifold (17s)
✔ [7990/8044] Built Mathlib.NumberTheory.NumberField.Units.Regulator (21s)
✔ [7991/8045] Built Mathlib.NumberTheory.ModularForms.SlashInvariantForms (17s)
✔ [7992/8045] Built Mathlib.NumberTheory.ModularForms.ProperlyDiscontinuous (16s)
✔ [7993/8048] Built Mathlib.NumberTheory.NumberField.CanonicalEmbedding.FundamentalCone (22s)
✔ [7994/8048] Built Mathlib.NumberTheory.ModularForms.CongruenceSubgroups (19s)
✔ [7995/8048] Built Mathlib.NumberTheory.NumberField.Cyclotomic.Basic (25s)
✔ [7996/8050] Built Mathlib.NumberTheory.NumberField.CanonicalEmbedding.PolarCoord (20s)
✔ [7997/8051] Built Mathlib.RingTheory.Polynomial.Cyclotomic.Factorization (17s)
✔ [7998/8051] Built Mathlib.RingTheory.RootsOfUnity.CyclotomicUnits (15s)
✔ [7999/8051] Built Mathlib.NumberTheory.NumberField.Ideal.KummerDedekind (21s)
✔ [8000/8051] Built Mathlib.RingTheory.DedekindDomain.FiniteAdeleRing (20s)
✔ [8001/8051] Built Mathlib.NumberTheory.NumberField.Completion.LiesOverInstances (19s)
✔ [8002/8052] Built Mathlib.NumberTheory.NumberField.DirichletDensity (16s)
✔ [8003/8052] Built Mathlib.NumberTheory.NumberField.InfiniteAdeleRing (19s)
✔ [8004/8052] Built Mathlib.RingTheory.Unramified.Dedekind (15s)
✔ [8005/8052] Built Mathlib.NumberTheory.NumberField.FinitePlaces (14s)
✔ [8006/8052] Built Mathlib.NumberTheory.ModularForms.EisensteinSeries.Defs (15s)
✔ [8007/8052] Built Mathlib.NumberTheory.NumberField.Ideal.Basic (17s)
✔ [8008/8053] Built Mathlib.NumberTheory.NumberField.Cyclotomic.PID (17s)
✔ [8009/8053] Built Mathlib.NumberTheory.ModularForms.Cusps (19s)
✔ [8010/8053] Built Mathlib.NumberTheory.NumberField.CMField (27s)
✔ [8011/8053] Built Mathlib.NumberTheory.NumberField.Cyclotomic.Three (18s)
✔ [8012/8054] Built Mathlib.NumberTheory.NumberField.CanonicalEmbedding.NormLeOne (21s)
✔ [8013/8056] Built Mathlib.NumberTheory.NumberField.InfinitePlace.Completion (17s)
✔ [8014/8056] Built Mathlib.NumberTheory.NumberField.Completion.Ramification (18s)
✔ [8015/8056] Built Mathlib.NumberTheory.SiegelsLemma (22s)
✔ [8016/8058] Built Mathlib.NumberTheory.Ostrowski (19s)
✔ [8017/8058] Built Mathlib.NumberTheory.NumberField.AdeleRing (17s)
✔ [8018/8060] Built Mathlib.NumberTheory.ModularForms.EisensteinSeries.UniformConvergence (15s)
✔ [8019/8060] Built Mathlib.NumberTheory.NumberField.Cyclotomic.Ideal (23s)
✔ [8020/8061] Built Mathlib.NumberTheory.Padics.ProperSpace (14s)
✔ [8021/8061] Built Mathlib.NumberTheory.ModularForms.Identities (14s)
✔ [8022/8061] Built Mathlib.NumberTheory.NumberField.ExistsRamified (19s)
✔ [8023/8061] Built Mathlib.NumberTheory.ModularForms.EisensteinSeries.E2.Defs (19s)
✔ [8024/8064] Built Mathlib.Topology.Algebra.InfiniteSum.GroupCompletion (11s)
✔ [8025/8064] Built Mathlib.Topology.Algebra.Nonarchimedean.Completion (11s)
✔ [8026/8064] Built Mathlib.NumberTheory.ModularForms.BoundedAtCusp (16s)
✔ [8027/8064] Built Mathlib.Topology.MetricSpace.Ultra.ContinuousMaps (15s)
✔ [8028/8068] Built Mathlib.NumberTheory.FLT.Three (21s)
✔ [8029/8069] Built Mathlib.NumberTheory.NumberField.Ideal.Asymptotics (20s)
✔ [8030/8070] Built Mathlib.NumberTheory.NumberField.House (17s)
✔ [8031/8071] Built Mathlib.Topology.Algebra.Monoid.AddChar (16s)
✔ [8032/8072] Built Mathlib.NumberTheory.ModularForms.EisensteinSeries.MDifferentiable (16s)
✔ [8033/8072] Built Mathlib.NumberTheory.ModularForms.EisensteinSeries.IsBoundedAtImInfty (15s)
✔ [8034/8075] Built Mathlib.NumberTheory.Padics.Complex (17s)
✔ [8035/8076] Built Mathlib.NumberTheory.NumberField.Cyclotomic.Galois (19s)
✔ [8036/8077] Built Mathlib.Topology.Algebra.InfiniteSum.Nonarchimedean (13s)
✔ [8037/8077] Built Mathlib.NumberTheory.Padics.WithVal (18s)
✔ [8038/8078] Built Mathlib.Topology.Separation.DisjointCover (11s)
✔ [8039/8078] Built Mathlib.NumberTheory.Padics.ValuativeRel (13s)
✔ [8040/8079] Built Mathlib.NumberTheory.PowModTotient (12s)
✔ [8041/8079] Built Mathlib.NumberTheory.NumberField.DedekindZeta (16s)
✔ [8042/8079] Built Mathlib.NumberTheory.Pell (15s)
✔ [8043/8083] Built Mathlib.NumberTheory.PrimesCongruentOne (15s)
✔ [8044/8084] Built Mathlib.NumberTheory.Padics.Hensel (28s)
✔ [8045/8085] Built Mathlib.NumberTheory.RamificationInertia.Inertia (16s)
✔ [8046/8085] Built Mathlib.NumberTheory.ModularForms.Basic (21s)
✔ [8047/8085] Built Mathlib.NumberTheory.RamificationInertia.HilbertTheory (18s)
✔ [8048/8087] Built Mathlib.NumberTheory.Rayleigh (15s)
✔ [8049/8087] Built Mathlib.NumberTheory.Padics.MahlerBasis (17s)
✔ [8050/8087] Built Mathlib.NumberTheory.RatFunc.Ostrowski (21s)
✔ [8051/8089] Built Mathlib.Topology.UniformSpace.ProdApproximation (16s)
✔ [8052/8091] Built Mathlib.NumberTheory.SelbergSieve (14s)
✔ [8053/8092] Built Mathlib.NumberTheory.Zsqrtd.GaussianInt (14s)
✔ [8054/8092] Built Mathlib.NumberTheory.SumFourSquares (17s)
✔ [8055/8093] Built Mathlib.NumberTheory.Padics.HeightOneSpectrum (22s)
✔ [8056/8096] Built Mathlib.NumberTheory.Transcendental.Lindemann.AnalyticalPart (17s)
✔ [8059/8097] Built Mathlib.NumberTheory.Transcendental.Liouville.Basic (18s)
✔ [8060/8097] Built Mathlib.Topology.Instances.Irrational (14s)
✔ [8061/8098] Built Mathlib.NumberTheory.ModularForms.EisensteinSeries.Basic (18s)
✔ [8062/8099] Built Mathlib.NumberTheory.RamificationInertia.Basic (22s)
✔ [8063/8100] Built Mathlib.NumberTheory.Padics.AddChar (16s)
✔ [8065/8101] Built Mathlib.NumberTheory.ModularForms.QExpansion (20s)
✔ [8067/8102] Built Mathlib.NumberTheory.Wilson (14s)
✔ [8068/8105] Built Mathlib.Order.Category.CompleteLat (12s)
✔ [8079/8113] Built Mathlib.NumberTheory.Zsqrtd.ToReal (13s)
✔ [8080/8114] Built Mathlib.NumberTheory.Zsqrtd.QuadraticReciprocity (15s)
✔ [8081/8115] Built Mathlib.Order.Category.FinBddDistLat (12s)
✔ [8083/8117] Built Mathlib.NumberTheory.WellApproximable (20s)
✔ [8085/8118] Built Mathlib.NumberTheory.Padics.Measure.Basic (22s)
✔ [8087/8121] Built Mathlib.Order.Category.OmegaCompletePartialOrder (10s)
✔ [8090/8139] Built Mathlib.NumberTheory.Transcendental.Liouville.LiouvilleNumber (16s)
✔ [8115/8149] Built Mathlib.NumberTheory.Transcendental.Liouville.LiouvilleWith (15s)
✔ [8116/8149] Built Mathlib.NumberTheory.Transcendental.Liouville.Residual (15s)
✔ [8117/8149] Built Mathlib.Order.Extension.Well (10s)
✔ [8118/8149] Built Mathlib.Order.Filter.CardinalInter (11s)
✔ [8119/8155] Built Mathlib.Order.Height (10s)
✔ [8123/8161] Built Mathlib.Order.Category.FinBoolAlg (13s)
✔ [8125/8161] Built Mathlib.NumberTheory.ModularForms.LevelOne.Basic (18s)
✔ [8126/8161] Built Mathlib.NumberTheory.SumTwoSquares (14s)
✔ [8127/8164] Built Mathlib.NumberTheory.ModularForms.Petersson (17s)
✔ [8128/8164] Built Mathlib.NumberTheory.Padics.Measure.Topology (13s)
✔ [8129/8164] Built Mathlib.Order.Interval.Set.Nat (10s)
✔ [8130/8165] Built Mathlib.Order.Filter.Cocardinal (12s)
✔ [8131/8166] Built Mathlib.Probability.Martingale.Centering (17s)
✔ [8132/8169] Built Mathlib.Probability.ConditionalExpectation (17s)
✔ [8133/8173] Built Mathlib.NumberTheory.Transcendental.Liouville.Measure (16s)
✔ [8134/8173] Built Mathlib.Probability.Martingale.OptionalStopping (18s)
✔ [8135/8178] Built Mathlib.NumberTheory.ModularForms.CuspFormSubmodule (15s)
✔ [8136/8178] Built Mathlib.Probability.Moments.CovarianceBilinDual (18s)
✔ [8137/8179] Built Mathlib.NumberTheory.ModularForms.LevelOne (16s)
✔ [8138/8179] Built Mathlib.Probability.Distributions.Gaussian.Real (20s)
✔ [8139/8180] Built Mathlib.Probability.Distributions.Fernique (20s)
✔ [8140/8185] Built Mathlib.NumberTheory.ModularForms.NormTrace (19s)
✔ [8141/8187] Built Mathlib.Probability.Independence.Process.HasIndepIncrements.Basic (17s)
✔ [8142/8194] Built Mathlib.Probability.Independence.Process.Basic (17s)
✔ [8143/8194] Built Mathlib.Probability.Martingale.BorelCantelli (19s)
✔ [8144/8194] Built Mathlib.NumberTheory.ModularForms.Bounds (22s)
✔ [8145/8195] Built Mathlib.Probability.Kernel.Disintegration.MeasurableStieltjes (16s)
✔ [8146/8195] Built Mathlib.Probability.Independence.CharacteristicFunction (20s)
✔ [8147/8195] Built Mathlib.NumberTheory.ModularForms.EisensteinSeries.QExpansion (33s)
✔ [8148/8195] Built Mathlib.Probability.Kernel.Composition.Lemmas (14s)
✔ [8149/8195] Built Mathlib.Probability.Moments.CovarianceBilin (19s)
✔ [8150/8199] Built Mathlib.Probability.Kernel.Disintegration.Basic (15s)
✔ [8151/8202] Built Mathlib.Probability.Distributions.Bernoulli (19s)
✔ [8152/8203] Built Mathlib.Probability.Distributions.Gaussian.Basic (21s)
✔ [8153/8203] Built Mathlib.Probability.Kernel.IonescuTulcea.Maps (14s)
✔ [8154/8203] Built Mathlib.Probability.Kernel.Integral (15s)
✔ [8155/8205] Built Mathlib.Probability.BorelCantelli (16s)
✔ [8156/8205] Built Mathlib.Probability.Decision.Risk.Defs (13s)
✔ [8157/8205] Built Mathlib.Probability.CondVar (17s)
✔ [8158/8207] Built Mathlib.Probability.Kernel.Deterministic (13s)
✔ [8159/8208] Built Mathlib.Probability.Kernel.Disintegration.CDFToKernel (18s)
✔ [8160/8208] Built Mathlib.NumberTheory.ModularForms.LFunction (23s)
✔ [8161/8211] Built Mathlib.Probability.CentralLimitTheorem (20s)
✔ [8162/8215] Built Mathlib.Probability.Distributions.Beta (18s)
✔ [8163/8217] Built Mathlib.Probability.Distributions.Gaussian.HasGaussianLaw.Def (16s)
✔ [8164/8218] Built Mathlib.Probability.Distributions.Gaussian.Fernique (18s)
✔ [8165/8218] Built Mathlib.Probability.Distributions.Cauchy (18s)
✔ [8166/8219] Built Mathlib.Probability.Kernel.IonescuTulcea.PartialTraj (16s)
✔ [8167/8223] Built Mathlib.Probability.Decision.Risk.Countable (15s)
✔ [8168/8225] Built Mathlib.Probability.Kernel.SetIntegral (16s)
✔ [8169/8226] Built Mathlib.Probability.ProbabilityMassFunction.Basic (15s)
✔ [8170/8227] Built Mathlib.NumberTheory.ModularForms.EisensteinSeries.E2.Summable (32s)
✔ [8171/8227] Built Mathlib.Probability.Decision.Risk.Basic (17s)
✔ [8172/8227] Built Mathlib.Probability.Kernel.Disintegration.CondCDF (15s)
✔ [8173/8228] Built Mathlib.Probability.Distributions.TwoValued (15s)
✔ [8174/8228] Built Mathlib.Probability.HasCondDistrib (17s)
✔ [8175/8229] Built Mathlib.Probability.Distributions.Gaussian.IsGaussianProcess.Def (16s)
✔ [8176/8229] Built Mathlib.Probability.Independence.Process.HasIndepIncrements (13s)
✔ [8177/8229] Built Mathlib.Probability.Distributions.Gaussian.HasGaussianLaw.Basic (20s)
✔ [8178/8229] Built Mathlib.Probability.Distributions.Gaussian.CharFun (17s)
✔ [8179/8230] Built Mathlib.Probability.ProbabilityMassFunction.Monad (14s)
✔ [8180/8230] Built Mathlib.Probability.Kernel.Invariance (14s)
✔ [8181/8230] Built Mathlib.Probability.Independence.BoundedContinuousFunction (21s)
✔ [8182/8230] Built Mathlib.Probability.Distributions.Poisson.Basic (18s)
✔ [8183/8230] Built Mathlib.Probability.Distributions.Geometric (18s)
✔ [8184/8233] Built Mathlib.Probability.Kernel.Irreducible (16s)
✔ [8185/8234] Built Mathlib.Probability.Kernel.Category.SFinKer (24s)
✔ [8186/8236] Built Mathlib.NumberTheory.ModularForms.EisensteinSeries.E2.Transform (19s)
✔ [8187/8237] Built Mathlib.Probability.Kernel.Disintegration.StandardBorel (17s)
✔ [8188/8238] Built Mathlib.Probability.CDF (18s)
✔ [8189/8238] Built Mathlib.Probability.Kernel.Proper (17s)
✔ [8190/8238] Built Mathlib.NumberTheory.ModularForms.DedekindEta (23s)
✔ [8191/8238] Built Mathlib.Probability.Distributions.Gaussian.IsGaussianProcess.Basic (17s)
✔ [8192/8238] Built Mathlib.Probability.ProbabilityMassFunction.Constructions (16s)
✔ [8193/8238] Built Mathlib.Probability.Martingale.OptionalSampling (16s)
✔ [8194/8238] Built Mathlib.Probability.Kernel.Category.Stoch (16s)
✔ [8195/8238] Built Mathlib.Probability.Moments.Tilted (17s)
✔ [8196/8238] Built Mathlib.Probability.Process.FiniteDimensionalLaws (18s)
✔ [8197/8238] Built Mathlib.Probability.Process.Kolmogorov (17s)
✔ [8198/8241] Built Mathlib.Probability.Distributions.Gaussian.Multivariate (28s)
✔ [8199/8241] Built Mathlib.Probability.Kernel.Posterior (16s)
✔ [8200/8241] Built Mathlib.Probability.Kernel.Disintegration.Integral (16s)
✔ [8201/8242] Built Mathlib.Probability.Distributions.Gaussian.HasGaussianLaw.Independence (31s)
✔ [8202/8242] Built Mathlib.Probability.Process.LocalProperty (18s)
✔ [8203/8242] Built Mathlib.Probability.Kernel.Representation (20s)
✔ [8204/8242] Built Mathlib.Probability.Distributions.Pareto (17s)
✔ [8205/8242] Built Mathlib.Probability.Distributions.Gamma (17s)
✔ [8206/8242] Built Mathlib.NumberTheory.ModularForms.Discriminant (20s)
✔ [8207/8242] Built Mathlib.Probability.StrongLaw (21s)
✔ [8208/8242] Built Mathlib.Probability.ProbabilityMassFunction.Integrals (17s)
✔ [8209/8242] Built Mathlib.NumberTheory.ModularForms.EisensteinSeries.E2.MDifferentiable (18s)
✔ [8210/8258] Built Mathlib.NumberTheory.ModularForms.Delta (18s)
✔ [8211/8258] Built Mathlib.RepresentationTheory.Subrepresentation (14s)
✔ [8212/8260] Built Mathlib.Probability.BrownianMotion.GaussianProjectiveFamily (18s)
✔ [8213/8282] Built Mathlib.Probability.Kernel.Disintegration.Unique (15s)
✔ [8214/8282] Built Mathlib.Probability.Decision.BayesEstimator (17s)
✔ [8215/8282] Built Mathlib.Probability.Distributions.Uniform (20s)
✔ [8216/8286] Built Mathlib.Probability.Independence.Process.HasIndepIncrements.IsGaussianProcess (16s)
✔ [8217/8286] Built Mathlib.RepresentationTheory.AlgebraRepresentation.Basic (13s)
✔ [8218/8289] Built Mathlib.Probability.Distributions.Gaussian.IsGaussianProcess.Independence (19s)
✔ [8219/8290] Built Mathlib.RingTheory.SimpleModule.InjectiveProjective (11s)
✔ [8220/8292] Built Mathlib.Probability.Distributions.Exponential (17s)
✔ [8221/8293] Built Mathlib.RepresentationTheory.Semisimple (12s)
✔ [8222/8293] Built Mathlib.RingTheory.MvPolynomial.Ideal (14s)
✔ [8223/8294] Built Mathlib.NumberTheory.ModularForms.LevelOne.DimensionFormula (20s)
✔ [8224/8295] Built Mathlib.NumberTheory.ModularForms.Derivative (20s)
✔ [8225/8295] Built Mathlib.RingTheory.MvPowerSeries.Rename (16s)
✔ [8226/8295] Built Mathlib.RingTheory.Noetherian.OfPrime (14s)
✔ [8227/8295] Built Mathlib.Probability.Kernel.CondDistrib (18s)
✔ [8228/8295] Built Mathlib.RingTheory.UniqueFactorizationDomain.Kaplansky (13s)
✔ [8229/8295] Built Mathlib.Topology.Algebra.Nonarchimedean.AdicTopology (15s)
✔ [8230/8298] Built Mathlib.RingTheory.AdicCompletion.RingHom (14s)
✔ [8231/8298] Built Mathlib.RepresentationTheory.Intertwining (25s)
✔ [8232/8298] Built Mathlib.RingTheory.AdicCompletion.Noetherian (14s)
✔ [8233/8298] Built Mathlib.Probability.BrownianMotion.Basic (18s)
✔ [8234/8300] Built Mathlib.RingTheory.Adjoin.Polynomial (10s)
✔ [8235/8300] Built Mathlib.RingTheory.Algebraic.Pi (11s)
✔ [8236/8300] Built Mathlib.RepresentationTheory.Maschke (14s)
✔ [8237/8300] Built Mathlib.NumberTheory.ModularForms.DimensionFormulas.LevelOne (14s)
✔ [8238/8302] Built Mathlib.RingTheory.Artinian.Algebra (12s)
✔ [8239/8302] Built Mathlib.NumberTheory.ModularForms.LevelOne.GradedRing (16s)
✔ [8240/8306] Built Mathlib.Probability.Kernel.Condexp (15s)
✔ [8241/8306] Built Mathlib.RingTheory.AdicCompletion.Topology (12s)
✔ [8242/8307] Built Mathlib.RepresentationTheory.Irreducible (12s)
✔ [8243/8307] Built Mathlib.RingTheory.PowerSeries.Ideal (12s)
✔ [8244/8308] Built Mathlib.RingTheory.Flat.Domain (14s)
✔ [8245/8308] Built Mathlib.Probability.Kernel.IonescuTulcea.Traj (17s)
✔ [8246/8309] Built Mathlib.RepresentationTheory.Equiv (14s)
✔ [8247/8309] Built Mathlib.RingTheory.Coalgebra.Primitive (12s)
✔ [8248/8310] Built Mathlib.RingTheory.Coalgebra.MonoidAlgebra (12s)
✔ [8249/8310] Built Mathlib.RepresentationTheory.Action (15s)
✔ [8251/8310] Built Mathlib.RingTheory.Coalgebra.Quotient (12s)
✔ [8253/8312] Built Mathlib.RingTheory.Bialgebra.SymmetricAlgebra (13s)
✔ [8254/8313] Built Mathlib.RingTheory.ClassGroup (12s)
✔ [8255/8314] Built Mathlib.RingTheory.ClassGroup.ExtendedHom (15s)
✔ [8256/8314] Built Mathlib.RingTheory.Coalgebra.MulOpposite (11s)
✔ [8257/8315] Built Mathlib.Probability.Moments.SubGaussian (19s)
✔ [8258/8316] Built Mathlib.RepresentationTheory.Continuous.Basic (28s)
✔ [8259/8318] Built Mathlib.Probability.Independence.Conditional (19s)
✔ [8260/8318] Built Mathlib.RingTheory.Bialgebra.Primitive (11s)
✔ [8261/8320] Built Mathlib.RingTheory.Coalgebra.GroupLike (14s)
✔ [8262/8320] Built Mathlib.RingTheory.MvPowerSeries.Equiv (17s)
✔ [8263/8320] Built Mathlib.Probability.ProductMeasure (18s)
✔ [8264/8322] Built Mathlib.RingTheory.Bialgebra.Quotient (14s)
✔ [8265/8322] Built Mathlib.RingTheory.Polynomial.ContentIdeal (15s)
✔ [8266/8323] Built Mathlib.RingTheory.Regular.Category (12s)
✔ [8267/8323] Built Mathlib.RingTheory.DedekindDomain.SInteger (15s)
✔ [8268/8327] Built Mathlib.RingTheory.DedekindDomain.SelmerGroup (15s)
✔ [8269/8330] Built Mathlib.RingTheory.Ideal.AssociatedPrime.Localization (14s)
✔ [8270/8331] Built Mathlib.RingTheory.Regular.IsSMulRegular (13s)
✔ [8271/8331] Built Mathlib.RingTheory.Bialgebra.GroupLike (12s)
✔ [8272/8332] Built Mathlib.Probability.Independence.ZeroOne (16s)
✔ [8273/8332] Built Mathlib.Probability.Independence.InfinitePi (15s)
✔ [8274/8333] Built Mathlib.RepresentationTheory.Continuous.TopRep (22s)
✔ [8275/8333] Built Mathlib.RingTheory.AdicCompletion.Completeness (17s)
✔ [8277/8334] Built Mathlib.Probability.Distributions.SetBernoulli (16s)
✔ [8278/8334] Built Mathlib.RingTheory.DividedPowers.Basic (14s)
✔ [8279/8334] Built Mathlib.RingTheory.DualNumber (13s)
✔ [8280/8335] Built Mathlib.RingTheory.DedekindDomain.GaussLemma (15s)
✔ [8281/8335] Built Mathlib.RingTheory.TotallySplit (16s)
✔ [8282/8335] Built Mathlib.RepresentationTheory.Rep.Basic (42s)
✔ [8283/8335] Built Mathlib.RingTheory.Regular.LinearMap (15s)
✔ [8284/8335] Built Mathlib.RingTheory.Etale.Weakly (18s)
✔ [8285/8336] Built Mathlib.RingTheory.Extension.ExtendScalars (13s)
✔ [8286/8336] Built Mathlib.RingTheory.Regular.RegularSequence (17s)
✔ [8287/8336] Built Mathlib.Probability.IdentDistribIndep (14s)
✔ [8288/8337] Built Mathlib.Probability.HasLawExists (13s)
✔ [8289/8337] Built Mathlib.RingTheory.Flat.LocallyFree (15s)
✔ [8290/8337] Built Mathlib.RingTheory.AdicCompletion.LocalRing (15s)
✔ [8291/8337] Built Mathlib.RepresentationTheory.Homological.ContCohomology.Basic (19s)
✔ [8292/8337] Built Mathlib.Probability.Combinatorics.BinomialRandomGraph.Defs (14s)
✔ [8293/8337] Built Mathlib.RingTheory.Bialgebra.MonoidAlgebra (23s)
✔ [8294/8338] Built Mathlib.RingTheory.DividedPowers.RatAlgebra (12s)
✔ [8295/8338] Built Mathlib.RingTheory.DividedPowers.DPMorphism (12s)
✔ [8296/8339] Built Mathlib.RingTheory.DividedPowerAlgebra.Init (13s)
✔ [8297/8339] Built Mathlib.Probability.Distributions.Binomial (17s)
✔ [8298/8339] Built Mathlib.RingTheory.Frobenius (15s)
✔ [8299/8340] Built Mathlib.RingTheory.Etale.Finite (18s)
✔ [8300/8340] Built Mathlib.RingTheory.FormalGroup.Basic (25s)
✔ [8301/8340] Built Mathlib.RingTheory.GradedAlgebra.Homogeneous.Subsemiring (13s)
✔ [8302/8340] Built Mathlib.RepresentationTheory.Rep.Res (17s)
✔ [8303/8340] Built Mathlib.RepresentationTheory.Rep.Iso (18s)
✔ [8304/8342] Built Mathlib.RingTheory.GradedAlgebra.AlgHom (16s)
✔ [8305/8342] Built Mathlib.RingTheory.Depth.Rees (16s)
✔ [8306/8342] Built Mathlib.RepresentationTheory.FDRep (18s)
✔ [8307/8342] Built Mathlib.RingTheory.DividedPowers.Padic (15s)
✔ [8308/8342] Built Mathlib.RingTheory.GradedAlgebra.Noetherian (14s)
✔ [8309/8345] Built Mathlib.RepresentationTheory.Homological.ContCohomology.LowDegree (22s)
✔ [8310/8346] Built Mathlib.RepresentationTheory.Homological.ContCohomology.Functoriality (23s)
✔ [8311/8348] Built Mathlib.RingTheory.DividedPowers.SubDPIdeal (15s)
✔ [8312/8349] Built Mathlib.Probability.ProbabilityMassFunction.Binomial (17s)
✔ [8313/8351] Built Mathlib.Probability.Distributions.Poisson.PoissonLimitThm (17s)
✔ [8314/8351] Built Mathlib.RingTheory.GradedAlgebra.TensorProduct (12s)
✔ [8315/8352] Built Mathlib.RingTheory.Grassmannian (18s)
✔ [8316/8353] Built Mathlib.RingTheory.HahnSeries.Summable (18s)
✔ [8317/8353] Built Mathlib.RepresentationTheory.Coinduced (22s)
✔ [8318/8354] Built Mathlib.RingTheory.PowerSeries.WellKnown (14s)
✔ [8319/8354] Built Mathlib.RepresentationTheory.Invariants (18s)
✔ [8320/8355] Built Mathlib.RingTheory.HahnSeries.PowerSeries (13s)
✔ [8321/8355] Built Mathlib.RepresentationTheory.Coinvariants (27s)
✔ [8322/8355] Built Mathlib.RingTheory.HahnSeries.HahnEmbedding (16s)
✔ [8323/8356] Built Mathlib.RepresentationTheory.Tannaka (20s)
✔ [8324/8356] Built Mathlib.RingTheory.HahnSeries.Valuation (14s)
✔ [8325/8357] Built Mathlib.RepresentationTheory.Homological.Resolution (30s)
✔ [8326/8357] Built Mathlib.RingTheory.Henselian (16s)
✔ [8327/8358] Built Mathlib.RingTheory.HopfAlgebra.GroupLike (14s)
✔ [8328/8358] Built Mathlib.RingTheory.HopfAlgebra.MonoidAlgebra (14s)
✔ [8329/8358] Built Mathlib.RingTheory.HopfAlgebra.Primitive (12s)
✔ [8330/8359] Built Mathlib.RingTheory.HahnSeries.HEval (15s)
✔ [8331/8360] Built Mathlib.RingTheory.Ideal.Finsupp (11s)
✔ [8332/8360] Built Mathlib.RingTheory.PowerSeries.Binomial (13s)
✔ [8333/8360] Built Mathlib.RingTheory.HopfAlgebra.Quotient (13s)
✔ [8334/8362] Built Mathlib.RepresentationTheory.Character (16s)
✔ [8335/8363] Built Mathlib.RingTheory.HahnSeries.Cardinal (22s)
✔ [8336/8365] Built Mathlib.RingTheory.Ideal.HasGoingUp (13s)
✔ [8337/8368] Built Mathlib.RepresentationTheory.Homological.FiniteCyclic (18s)
✔ [8338/8370] Built Mathlib.RingTheory.Ideal.IsAugmentation (11s)
✔ [8339/8370] Built Mathlib.RepresentationTheory.Homological.GroupHomology.Basic (18s)
✔ [8340/8373] Built Mathlib.RingTheory.Ideal.MonicSpan (13s)
✔ [8341/8374] Built Mathlib.RingTheory.HahnSeries.Binomial (13s)
✔ [8342/8374] Built Mathlib.RingTheory.Ideal.KrullsHeightTheorem (17s)
✔ [8343/8377] Built Mathlib.RingTheory.Ideal.Pure (16s)
✔ [8344/8378] Built Mathlib.RingTheory.Ideal.Quotient.HasFiniteQuotients.Norm (13s)
✔ [8345/8378] Built Mathlib.RingTheory.IdealFilter.Basic (13s)
✔ [8346/8379] Built Mathlib.RepresentationTheory.Homological.GroupCohomology.Basic (23s)
✔ [8347/8379] Built Mathlib.RepresentationTheory.Induced (29s)
✔ [8348/8380] Built Mathlib.Topology.Algebra.ClopenNhdofOne (13s)
✔ [8349/8380] Built Mathlib.RepresentationTheory.FinGroupCharZero (17s)
✔ [8350/8380] Built Mathlib.RingTheory.KrullDimension.Field (13s)
✔ [8351/8381] Built Mathlib.RingTheory.Spectrum.Prime.Module (14s)
✔ [8352/8381] Built Mathlib.RingTheory.KrullDimension.PID (13s)
✔ [8353/8381] Built Mathlib.RingTheory.Ideal.UFD (13s)
✔ [8354/8381] Built Mathlib.RingTheory.Ideal.Quotient.HasFiniteQuotients (12s)
✔ [8355/8381] Built Mathlib.RingTheory.Spectrum.Prime.LTSeries (15s)
✔ [8356/8382] Built Mathlib.RingTheory.Lasker (14s)
✔ [8357/8382] Built Mathlib.RingTheory.IdealFilter.Topology (15s)
✔ [8358/8382] Built Mathlib.RepresentationTheory.Homological.GroupCohomology.Shapiro (17s)
✔ [8359/8383] Built Mathlib.RingTheory.LittleWedderburn (19s)
✔ [8360/8384] Built Mathlib.RepresentationTheory.Homological.GroupHomology.LowDegree (31s)
✔ [8361/8385] Built Mathlib.RepresentationTheory.Homological.GroupHomology.Shapiro (16s)
✔ [8362/8386] Built Mathlib.RingTheory.KrullDimension.Module (14s)
✔ [8363/8386] Built Mathlib.RingTheory.LocalProperties.FinitePresentation (14s)
✔ [8364/8386] Built Mathlib.RingTheory.KrullDimension.LocalRing (15s)
✔ [8365/8387] Built Mathlib.Topology.Algebra.Category.ProfiniteGrp.Limits (18s)
✔ [8366/8387] Built Mathlib.RingTheory.LocalIso (16s)
✔ [8367/8388] Built Mathlib.RingTheory.LaurentSeries (30s)
✔ [8368/8389] Built Mathlib.RepresentationTheory.Homological.GroupCohomology.LowDegree (30s)
✔ [8369/8389] Built Mathlib.RepresentationTheory.FiniteIndex (25s)
✔ [8370/8390] Built Mathlib.RingTheory.KrullDimension.Polynomial (16s)
✔ [8371/8390] Built Mathlib.RingTheory.LocalProperties.Injective (17s)
✔ [8372/8392] Built Mathlib.RepresentationTheory.Homological.GroupHomology.FiniteCyclic (18s)
✔ [8373/8392] Built Mathlib.RingTheory.LocalRing.MaximalIdeal.Square (11s)
✔ [8375/8393] Built Mathlib.RingTheory.LocalProperties.ProjectiveDimension (13s)
✔ [8376/8394] Built Mathlib.RingTheory.KrullDimension.Regular (14s)
✔ [8377/8395] Built Mathlib.RingTheory.LocalProperties.Semilocal (15s)
✔ [8378/8397] Built Mathlib.RingTheory.LocalRing.Etale (14s)
✔ [8379/8398] Built Mathlib.RingTheory.LocalRing.NonLocalRing (13s)
✔ [8380/8399] Built Mathlib.RepresentationTheory.Homological.GroupCohomology.FiniteCyclic (19s)
✔ [8381/8399] Built Mathlib.RingTheory.LocalRing.Pullback (16s)
✔ [8382/8400] Built Mathlib.RingTheory.Localization.Rat (14s)
✔ [8383/8401] Built Mathlib.RingTheory.Localization.Pi (15s)
✔ [8384/8402] Built Mathlib.RingTheory.Morita.Basic (15s)
✔ [8385/8403] Built Mathlib.RingTheory.LocalProperties.InjectiveDimension (17s)
✔ [8386/8404] Built Mathlib.RingTheory.MvPolynomial.Expand (14s)
✔ [8387/8404] Built Mathlib.RingTheory.MvPolynomial.EulerIdentity (16s)
✔ [8388/8405] Built Mathlib.RingTheory.Localization.AtPrime.Extension (19s)
✔ [8389/8406] Built Mathlib.RepresentationTheory.Homological.GroupHomology.Functoriality (36s)
✔ [8390/8406] Built Mathlib.RingTheory.Invariant.Profinite (32s)
✔ [8391/8407] Built Mathlib.RepresentationTheory.Homological.GroupCohomology.Functoriality (29s)
✔ [8392/8407] Built Mathlib.RingTheory.MvPolynomial.Symmetric.FundamentalTheorem (14s)
✔ [8393/8408] Built Mathlib.RingTheory.MvPowerSeries.Ideal (13s)
✔ [8394/8408] Built Mathlib.RingTheory.MvPolynomial.IrreducibleQuadratic (17s)
✔ [8395/8416] Built Mathlib.RingTheory.MvPowerSeries.Restricted (14s)
✔ [8396/8429] Built Mathlib.RepresentationTheory.Homological.GroupCohomology.Hilbert90 (18s)
✔ [8397/8430] Built Mathlib.RingTheory.MvPowerSeries.Expand (14s)
✔ [8398/8431] Built Mathlib.RingTheory.Nilpotent.GeometricallyReduced (14s)
✔ [8399/8433] Built Mathlib.RingTheory.Noetherian.Filter (13s)
✔ [8400/8434] Built Mathlib.RingTheory.MvPolynomial.Symmetric.NewtonIdentities (21s)
✔ [8401/8435] Built Mathlib.RingTheory.NoetherNormalization (18s)
✔ [8402/8436] Built Mathlib.RepresentationTheory.Homological.GroupHomology.LongExactSequence (18s)
✔ [8403/8437] Built Mathlib.RingTheory.NormTrace (14s)
✔ [8404/8438] Built Mathlib.RingTheory.Morita.Matrix (29s)
✔ [8405/8438] Built Mathlib.RepresentationTheory.Homological.GroupCohomology.LongExactSequence (16s)
✔ [8406/8438] Built Mathlib.RingTheory.WittVector.WittPolynomial (14s)
✔ [8407/8441] Built Mathlib.RingTheory.Polynomial.Eisenstein.Distinguished (14s)
✔ [8408/8441] Built Mathlib.RingTheory.Polynomial.Hermite.Basic (13s)
✔ [8409/8442] Built Mathlib.RingTheory.Polynomial.Dickson (15s)
✔ [8410/8442] Built Mathlib.RingTheory.Polynomial.HilbertPoly (13s)
✔ [8411/8443] Built Mathlib.RingTheory.Polynomial.IrreducibleRing (13s)
✔ [8412/8444] Built Mathlib.RingTheory.Polynomial.Opposites (13s)
✔ [8413/8445] Built Mathlib.RingTheory.Perfection (23s)
✔ [8414/8445] Built Mathlib.RingTheory.Polynomial.Morse (18s)
✔ [8415/8446] Built Mathlib.RingTheory.Polynomial.SmallDegreeVieta (12s)
✔ [8416/8447] Built Mathlib.RingTheory.Polynomial.ShiftedLegendre (13s)
✔ [8417/8450] Built Mathlib.RingTheory.PowerSeries.Catalan (12s)
✔ [8418/8451] Built Mathlib.RingTheory.Polynomial.Selmer (17s)
✔ [8419/8452] Built Mathlib.RingTheory.WittVector.StructurePolynomial (15s)
✔ [8420/8452] Built Mathlib.RingTheory.PowerSeries.CoeffMulMem (11s)
✔ [8421/8453] Built Mathlib.RingTheory.Polynomial.Hermite.Gaussian (14s)
✔ [8422/8453] Built Mathlib.RingTheory.TensorProduct.DirectLimitFG (15s)
✔ [8423/8454] Built Mathlib.RingTheory.PowerSeries.Expand (13s)
✔ [8424/8454] Built Mathlib.RepresentationTheory.Homological.TateCohomology.Basic (18s)
✔ [8425/8455] Built Mathlib.RingTheory.PowerSeries.Log (15s)
✔ [8426/8456] Built Mathlib.RingTheory.Teichmuller (16s)
✔ [8427/8457] Built Mathlib.RingTheory.Regular.Depth (11s)
✔ [8428/8461] Built Mathlib.RingTheory.PowerSeries.Restricted (13s)
✔ [8430/8462] Built Mathlib.RingTheory.PowerSeries.Schroder (12s)
✔ [8431/8463] Built Mathlib.RingTheory.Radical.NatInt (14s)
✔ [8432/8463] Built Mathlib.RingTheory.Regular.Flat (13s)
✔ [8433/8464] Built Mathlib.RingTheory.WittVector.Defs (14s)
✔ [8434/8464] Built Mathlib.RingTheory.Regular.Free (14s)
✔ [8435/8465] Built Mathlib.RingTheory.PowerSeries.WeierstrassPreparation (17s)
✔ [8436/8467] Built Mathlib.RingTheory.PolynomialLaw.Basic (17s)
✔ [8437/8467] Built Mathlib.RingTheory.Regular.ProjectiveDimension (18s)
✔ [8438/8468] Built Mathlib.RingTheory.SimpleRing.Congr (12s)
✔ [8439/8469] Built Mathlib.RingTheory.RegularLocalRing.Defs (16s)
✔ [8440/8469] Built Mathlib.RingTheory.RingHom.Bijective (14s)
✔ [8441/8470] Built Mathlib.RingTheory.Perfectoid.Untilt (15s)
✔ [8442/8471] Built Mathlib.RingTheory.Radical (12s)
✔ [8443/8473] Built Mathlib.RingTheory.SimpleModule.Rank (13s)
✔ [8445/8474] Built Mathlib.RingTheory.SimpleModule.Isotypic (17s)
✔ [8446/8474] Built Mathlib.RingTheory.SimpleRing.DivisionRing (14s)
✔ [8447/8475] Built Mathlib.RingTheory.WittVector.Basic (17s)
✔ [8448/8475] Built Mathlib.RingTheory.Spectrum.Maximal.Topology (14s)
✔ [8449/8476] Built Mathlib.RingTheory.TwoSidedIdeal.Instances (10s)
✔ [8450/8476] Built Mathlib.RingTheory.Spectrum.Prime.IsOpenComapC (14s)
✔ [8451/8477] Built Mathlib.RingTheory.Spectrum.Prime.Homeomorph (16s)
✔ [8452/8478] Built Mathlib.RingTheory.UniqueFactorizationDomain.Moebius (12s)
✔ [8453/8479] Built Mathlib.RingTheory.TwoSidedIdeal.BigOperators (13s)
✔ [8454/8480] Built Mathlib.RingTheory.TensorProduct.IsBaseChangeRightExact (16s)
✔ [8455/8488] Built Mathlib.RingTheory.RegularLocalRing.Polynomial (16s)
✔ [8456/8488] Built Mathlib.RingTheory.Smooth.Quotient (23s)
✔ [8458/8489] Built Mathlib.RingTheory.SimpleModule.WedderburnArtin (15s)
✔ [8459/8489] Built Mathlib.RingTheory.Valuation.AlgebraInstances (17s)
✔ [8460/8490] Built Mathlib.RingTheory.Valuation.Extension (17s)
✔ [8461/8494] Built Mathlib.RingTheory.WittVector.Teichmuller (14s)
✔ [8465/8496] Built Mathlib.RingTheory.Valuation.FiniteField (13s)
✔ [8468/8499] Built Mathlib.RingTheory.Valuation.Minpoly (13s)
✔ [8469/8499] Built Mathlib.RingTheory.Valuation.Quotient (12s)
✔ [8470/8506] Built Mathlib.RingTheory.Valuation.RamificationGroup (13s)
✔ [8474/8512] Built Mathlib.RingTheory.Valuation.ValuativeRel.Trivial (13s)
✔ [8477/8512] Built Mathlib.RingTheory.WittVector.IsPoly (18s)
✔ [8478/8513] Built Mathlib.SetTheory.Cardinal.EventuallyConst (11s)
✔ [8480/8514] Built Mathlib.RingTheory.ZMod.Torsion (14s)
✔ [8481/8514] Built Mathlib.Tactic.Assume (3.0s)
✔ [8482/8514] Built Mathlib.SetTheory.Cardinal.Cofinality.Club (16s)
✔ [8483/8516] Built Mathlib.RingTheory.SimpleModule.IsAlgClosed (14s)
✔ [8486/8517] Built Mathlib.SetTheory.Cardinal.NatCount (11s)
✔ [8487/8517] Built Mathlib.SetTheory.Ordinal.CantorNormalForm (11s)
✔ [8488/8517] Built Mathlib.Topology.Order.SuccPred (12s)
✔ [8489/8520] Built Mathlib.Tactic.Change (4.5s)
✔ [8490/8522] Built Mathlib.SetTheory.Ordinal.Veblen (12s)
✔ [8491/8522] Built Mathlib.SetTheory.ZFC.Rank (12s)
✔ [8492/8529] Built Mathlib.Tactic.Clean (4.5s)
✔ [8497/8533] Built Mathlib.SetTheory.Ordinal.Notation (14s)
✔ [8498/8534] Built Mathlib.Tactic.Echelon.Core (3.9s)
✔ [8499/8535] Built Mathlib.Tactic.Algebra.Basic (15s)
✔ [8501/8535] Built Mathlib.Tactic.DuplicateDecls (4.6s)
✔ [8502/8535] Built Mathlib.RingTheory.WittVector.Verschiebung (15s)
✔ [8503/8535] Built Mathlib.RingTheory.WittVector.MulP (14s)
✔ [8504/8536] Built Mathlib.RingTheory.WittVector.InitTail (14s)
✔ [8505/8538] Built Mathlib.RingTheory.WittVector.Frobenius (17s)
✔ [8506/8538] Built Mathlib.Tactic.ComputeAsymptotics.Lemmas (13s)
✔ [8507/8540] Built Mathlib.SetTheory.Ordinal.Topology (11s)
✔ [8508/8541] Built Mathlib.Tactic.Eval (4.3s)
✔ [8509/8542] Built Mathlib.Tactic.Explode.Datatypes (3.8s)
✔ [8510/8542] Built Mathlib.SetTheory.ZFC.Ordinal (12s)
✔ [8511/8543] Built Mathlib.Tactic.ComputeAsymptotics.Multiseries.Majorized (14s)
✔ [8512/8543] Built Mathlib.Tactic.Ext (3.6s)
✔ [8513/8546] Built Mathlib.Tactic.FindSyntax (4.0s)
✔ [8514/8546] Built Mathlib.Tactic.Generalize (3.8s)
✔ [8518/8549] Built Mathlib.Tactic.Echelon.Parsing (12s)
✔ [8519/8549] Built Mathlib.Tactic.Explode.Pretty (3.0s)
✔ [8520/8549] Built Mathlib.Tactic.Algebra.AlgebraNF (12s)
✔ [8521/8551] Built Mathlib.Tactic.ComputeAsymptotics.Multiseries.Corecursion (18s)
✔ [8522/8552] Built Mathlib.Tactic.Echelon.Zsqrtd (13s)
✔ [8523/8554] Built Mathlib.Tactic.Have (4.8s)
✔ [8525/8558] Built Mathlib.Tactic.Linter.CommandRanges (3.6s)
✔ [8528/8562] Built Mathlib.Tactic.Linter.DeprecatedModule (3.7s)
✔ [8532/8565] Built Mathlib.Tactic.Echelon.Bareiss (14s)
✔ [8535/8566] Built Mathlib.Tactic.Linter.FindDeprecations (4.9s)
✔ [8536/8568] Built Mathlib.Tactic.Explode (4.8s)
✔ [8538/8569] Built Mathlib.RingTheory.WittVector.Truncated (14s)
✔ [8539/8569] Built Mathlib.Tactic.Linter.TextBased.UnicodeLinter (4.9s)
✔ [8540/8570] Built Mathlib.RingTheory.WittVector.Identities (14s)
✔ [8542/8570] Built Mathlib.SetTheory.ZFC.Class (12s)
✔ [8543/8570] Built Mathlib.Tactic.Polyrith (3.0s)
✔ [8544/8570] Built Mathlib.Tactic.Linarith.NNRealPreprocessor (12s)
✔ [8545/8570] Built Mathlib.Tactic.Linter.ValidatePRTitle (5.8s)
✔ [8546/8572] Built Mathlib.Tactic.Linter.TextBased (5.7s)
✔ [8547/8573] Built Mathlib.Tactic.NormNum.Ordinal (13s)
✔ [8548/8574] Built Mathlib.Tactic.NormNum.RealSqrt (15s)
✔ [8549/8575] Built Mathlib.Tactic.NormRank (13s)
✔ [8550/8576] Built Mathlib.Tactic.Polynomial.Basic (13s)
✔ [8551/8581] Built Mathlib.Tactic.Recall (5.2s)
✔ [8556/8582] Built Mathlib.Tactic.ComputeAsymptotics.Multiseries.Defs (19s)
✔ [8557/8582] Built Mathlib.Tactic.NormNum.Irrational (18s)
✔ [8558/8582] Built Mathlib.Tactic.ReduceModChar.Ext (4.2s)
✔ [8559/8582] Built Mathlib.Tactic.NormNum.LegendreSymbol (19s)
✔ [8560/8585] Built Mathlib.RingTheory.WittVector.MulCoeff (15s)
✔ [8561/8585] Built Mathlib.Tactic.Replace (3.6s)
✔ [8562/8586] Built Mathlib.Tactic.Relation.Symm (3.8s)
✔ [8563/8586] Built Mathlib.Tactic.RewriteSearch (3.0s)
✔ [8564/8590] Built Mathlib.Tactic.StacksAttribute (3.6s)
✔ [8565/8592] Built ProofWidgets.Component.PenroseDiagram (3.2s)
✔ [8566/8592] Built ProofWidgets.Presentation.Expr (3.2s)
✔ [8567/8592] Built Mathlib.RingTheory.WittVector.Compare (15s)
✔ [8568/8595] Built Mathlib.Tactic.TypeCheck (3.9s)
✔ [8571/8596] Built Mathlib.RingTheory.WittVector.Domain (14s)
✔ [8572/8596] Built ProofWidgets.Component.HtmlDisplay (3.3s)
✔ [8573/8596] Built Mathlib.Tactic.Widget.GCongr (4.5s)
✔ [8574/8596] Built Mathlib.SetTheory.ZFC.VonNeumann (12s)
✔ [8575/8598] Built Mathlib.Tactic.WithoutCDot (3.7s)
✔ [8576/8599] Built Mathlib.Tactic.Simproc.VecPerm (11s)
✔ [8577/8600] Built Mathlib.Tactic.ComputeAsymptotics.Multiseries.Trimming (12s)
✔ [8578/8601] Built Mathlib.Tactic.Widget.CommDiag (9.1s)
✔ [8579/8602] Built Mathlib.Tactic.ComputeAsymptotics.Multiseries.Basis (13s)
✔ [8580/8602] Built Mathlib.Tactic.ReduceModChar (13s)
✔ [8581/8603] Built Mathlib.Testing.Plausible.Functions (10s)
✔ [8582/8603] Built Mathlib.Topology.Algebra.Algebra.Rat (10s)
✔ [8583/8604] Built Mathlib.Topology.Algebra.Group.AddTorsor (10s)
✔ [8584/8605] Built Mathlib.RingTheory.WittVector.Complete (14s)
✔ [8585/8605] Built Mathlib.RingTheory.WittVector.DiscreteValuationRing (14s)
✔ [8586/8606] Built Mathlib.Topology.UniformSpace.Ascoli (11s)
✔ [8587/8606] Built Mathlib.Topology.Algebra.Category.ProfiniteGrp.Completion (17s)
✔ [8588/8607] Built Mathlib.Tactic.Widget.StringDiagram (15s)
✔ [8589/8607] Built Mathlib.Topology.Algebra.Group.OpenMapping (12s)
✔ [8590/8608] Built Mathlib.Topology.Algebra.Group.Units (11s)
✔ [8591/8609] Built Mathlib.Topology.Algebra.Group.SubmonoidClosure (11s)
✔ [8592/8610] Built Mathlib.Topology.Algebra.IntermediateField (12s)
✔ [8593/8611] Built Mathlib.Tactic.ComputeAsymptotics.Multiseries.Basic (14s)
✔ [8594/8612] Built Mathlib.Tactic.ComputeAsymptotics.Multiseries.Monomial.Basic (15s)
✔ [8595/8612] Built Mathlib.Topology.Algebra.InfiniteSum.DiscreteConvolution (15s)
✔ [8596/8612] Built Mathlib.Topology.Algebra.Localization (12s)
✔ [8598/8615] Built Mathlib.Topology.Algebra.IsOpenUnits (14s)
✔ [8599/8615] Built Mathlib.RingTheory.WittVector.TeichmullerSeries (14s)
✔ [8600/8618] Built Mathlib.Topology.Algebra.Module.ContinuousLinearMap.Positive (12s)
✔ [8601/8619] Built Mathlib.Topology.Algebra.Group.CompactOpen (13s)
✔ [8602/8620] Built Mathlib.Topology.Algebra.Module.EmbeddingOfLocal (13s)
✔ [8603/8620] Built Mathlib.Topology.Algebra.Module.IsWeak (13s)
✔ [8604/8621] Built Mathlib.RingTheory.WittVector.FrobeniusFractionField (17s)
✔ [8605/8621] Built Mathlib.Topology.Algebra.Module.LinearMap (11s)
✔ [8606/8622] Built Mathlib.Topology.Algebra.Module.LinearMapPiProd (11s)
✔ [8607/8623] Built Mathlib.Topology.Algebra.Module.StrongTopology (12s)
✔ [8608/8624] Built Mathlib.Topology.Algebra.MvPolynomial (12s)
✔ [8609/8624] Built Mathlib.Tactic (14s)
✔ [8610/8626] Built Mathlib.Topology.Algebra.Nonarchimedean.TotallyDisconnected (12s)
✔ [8611/8630] Built Mathlib.Topology.Algebra.ProperConstSMul (9.8s)
✔ [8613/8631] Built Mathlib.Topology.Algebra.ProperAction.Torsor (11s)
✔ [8614/8634] Built Mathlib.Topology.Algebra.ProperAction.ProperlyDiscontinuous (12s)
✔ [8615/8635] Built Mathlib.RingTheory.Perfectoid.FontaineTheta (15s)
✔ [8617/8636] Built Mathlib.Topology.Algebra.PontryaginDual (14s)
✔ [8618/8636] Built Mathlib.Topology.Algebra.Ring.Compact (14s)
✔ [8619/8638] Built Mathlib.Topology.Algebra.Star.LinearMap (13s)
✔ [8620/8644] Built Mathlib.Topology.Algebra.Star.Unitary (12s)
✔ [8621/8650] Built Mathlib.Topology.Algebra.Valued.WithZeroMulInt (13s)
✔ [8622/8652] Built Mathlib.RingTheory.WittVector.Isocrystal (18s)
✔ [8623/8652] Built Mathlib.Topology.Baire.BaireMeasurable (13s)
✔ [8624/8653] Built Mathlib.Topology.DerivedSet (9.9s)
✔ [8625/8653] Built Mathlib.Topology.Algebra.ProperAction.AddTorsor (11s)
✔ [8626/8654] Built Mathlib.Topology.Category.TopCat.Sphere (14s)
✔ [8627/8654] Built Mathlib.Topology.Category.CompHaus.Frm (12s)
✔ [8628/8654] Built Mathlib.RingTheory.Perfectoid.BDeRham (15s)
✔ [8629/8655] Built Mathlib.Topology.Convenient.GeneratedBy (12s)
✔ [8630/8656] Built Mathlib.Topology.Category.Compactum (16s)
✔ [8631/8656] Built Mathlib.Topology.Category.Profinite.Product (14s)
✔ [8632/8656] Built Mathlib.Topology.Category.UniformSpace (11s)
✔ [8633/8657] Built Mathlib.Topology.CWComplex.Classical.Basic (23s)
✔ [8634/8657] Built Mathlib.Topology.CantorBendixson (11s)
✔ [8635/8658] Built Mathlib.Topology.Category.Stonean.Adjunctions (12s)
✔ [8636/8658] Built Mathlib.Topology.Category.Profinite.Projective (13s)
✔ [8637/8659] Built Mathlib.Topology.Compactness.CompactSystem (11s)
✔ [8638/8659] Built Mathlib.Topology.Compactification.OnePoint.Sphere (16s)
✔ [8639/8660] Built Mathlib.Topology.CWComplex.Abstract.Basic (14s)
✔ [8640/8661] Built Mathlib.Topology.Category.Locale (13s)
✔ [8641/8662] Built Mathlib.Topology.Convenient.ContinuousMapGeneratedBy (11s)
✔ [8642/8662] Built Mathlib.Topology.Compactness.DeltaGeneratedSpace (11s)
✔ [8643/8663] Built Mathlib.Topology.Connected.CardComponents (11s)
✔ [8644/8664] Built Mathlib.Topology.Connected.LocPathConnected (12s)
✔ [8645/8665] Built Mathlib.Topology.Connected.PathComponentOne (13s)
✔ [8646/8666] Built Mathlib.Topology.Compactness.CountablyCompact (17s)
✔ [8647/8667] Built Mathlib.Topology.CWComplex.Classical.Graph (13s)
✔ [8648/8668] Built Mathlib.Topology.Category.Profinite.Nobeling.Basic (16s)
✔ [8649/8668] Built Mathlib.Topology.CWComplex.Classical.Finite (15s)
✔ [8650/8669] Built Mathlib.Topology.ContinuousMap.Bounded.ArzelaAscoli (13s)
✔ [8651/8669] Built Mathlib.Topology.ContinuousMap.Interval (10s)
✔ [8652/8670] Built Mathlib.Topology.ContinuousMap.BoundedCompactlySupported (13s)
✔ [8653/8670] Built Mathlib.Topology.ContinuousMap.LocallyConstant (12s)
✔ [8654/8671] Built Mathlib.Topology.Convenient.Category (11s)
✔ [8655/8671] Built Mathlib.Topology.ContinuousMap.SecondCountableSpace (10s)
✔ [8656/8672] Built Mathlib.Topology.ContinuousMap.LocallyConvex (12s)
✔ [8657/8672] Built Mathlib.Topology.ContinuousMap.T0Sierpinski (10s)
✔ [8658/8673] Built Mathlib.Topology.ContinuousMap.Sigma (10s)
✔ [8659/8674] Built Mathlib.Topology.Convenient.HomSpace (10s)
✔ [8660/8675] Built Mathlib.Topology.Category.Profinite.Nobeling.ZeroLimit (13s)
✔ [8661/8676] Built Mathlib.Topology.Convenient.Localization (10s)
✔ [8662/8677] Built Mathlib.Topology.ContinuousMap.ZeroAtInftyUnitization (19s)
✔ [8663/8678] Built Mathlib.Topology.Convenient.OpenClosed (12s)
✔ [8664/8679] Built Mathlib.Topology.Category.Profinite.Nobeling.Span (14s)
✔ [8665/8680] Built Mathlib.Topology.Filter (11s)
✔ [8666/8681] Built Mathlib.Topology.Category.DeltaGenerated (14s)
✔ [8667/8682] Built Mathlib.Topology.Category.Profinite.Nobeling.Successor (19s)
✔ [8668/8682] Built Mathlib.Topology.CWComplex.Classical.Subcomplex (16s)
✔ [8669/8684] Built Mathlib.Topology.EMetricSpace.Weak (15s)
✔ [8671/8685] Built Mathlib.Topology.EMetricSpace.PairReduction (17s)
✔ [8672/8686] Built Mathlib.Topology.Germ (13s)
✔ [8673/8688] Built Mathlib.Topology.Hom.Open (11s)
✔ [8675/8688] Built Mathlib.Topology.Homotopy.HSpaces (14s)
✔ [8676/8691] Built Mathlib.Topology.Instances.ENNReal.ENatENNReal (12s)
✔ [8677/8692] Built Mathlib.Topology.Homotopy.LocallyContractible (13s)
✔ [8678/8693] Built Mathlib.Topology.Instances.CantorSet (15s)
✔ [8679/8694] Built Mathlib.Topology.Instances.PNat (13s)
✔ [8680/8695] Built Mathlib.Topology.IsClosedRestrict (11s)
✔ [8681/8696] Built Mathlib.Topology.List (11s)
✔ [8682/8697] Built Mathlib.Topology.Instances.RatLemmas (13s)
✔ [8683/8699] Built Mathlib.Topology.Homotopy.HomotopyGroup (18s)
✔ [8684/8699] Built Mathlib.Topology.Maps.Proper.UniversallyClosed (11s)
✔ [8685/8699] Built Mathlib.Topology.Category.Profinite.Nobeling.Induction (14s)
✔ [8686/8700] Built Mathlib.Topology.MetricSpace.Closeds (15s)
✔ [8687/8704] Built Mathlib.Topology.MetricSpace.CoveringNumbers (13s)
✔ [8688/8708] Built Mathlib.Topology.MetricSpace.ShrinkingLemma (11s)
✔ [8689/8709] Built Mathlib.Topology.MetricSpace.Infsep (12s)
✔ [8690/8714] Built Mathlib.Topology.MetricSpace.HausdorffAlexandroff (14s)
✔ [8691/8714] Built Mathlib.Topology.MetricSpace.Ultra.Pi (11s)
✔ [8694/8716] Built Mathlib.Topology.MetricSpace.HolderNorm (13s)
✔ [8695/8718] Built Mathlib.Topology.MetricSpace.GromovHausdorffRealized (15s)
✔ [8696/8718] Built Mathlib.Topology.MetricSpace.Kuratowski (15s)
✔ [8697/8718] Built Mathlib.Topology.MetricSpace.Ultra.TotallySeparated (12s)
✔ [8698/8719] Built Mathlib.Topology.Metrizable.ContinuousMap (13s)
✔ [8699/8721] Built Mathlib.Topology.MetricSpace.Snowflaking (16s)
✔ [8701/8722] Built Mathlib.Topology.NatEmbedding (11s)
✔ [8702/8723] Built Mathlib.Topology.Order.Filter (10s)
✔ [8703/8724] Built Mathlib.Topology.Order.PartialSups (10s)
✔ [8704/8726] Built Mathlib.Topology.Order.OrderClosedExtr (10s)
✔ [8705/8727] Built Mathlib.Topology.Order.LowerUpperTopology (13s)
✔ [8706/8727] Built Mathlib.Topology.Order.NhdsSet (10s)
✔ [8707/8728] Built Mathlib.Topology.Order.Completion (12s)
✔ [8708/8728] Built Mathlib.Topology.Order.IsNormal (12s)
✔ [8709/8728] Built Mathlib.Topology.Order.Priestley (10s)
✔ [8710/8728] Built Mathlib.Topology.Order.Category.FrameAdjunction (15s)
✔ [8711/8734] Built Mathlib.Topology.PreorderRestrict (10s)
✔ [8712/8737] Built Mathlib.Topology.Separation.AlexandrovDiscrete (10s)
✔ [8713/8739] Built Mathlib.Topology.MetricSpace.GromovHausdorff (19s)
✔ [8714/8739] Built Mathlib.Topology.Semicontinuity.Michael (15s)
✔ [8715/8740] Built Mathlib.Topology.Separation.NotNormal (11s)
✔ [8716/8741] Built Mathlib.Topology.Order.UpperLowerSetTopology (10s)
✔ [8717/8742] Built Mathlib.Topology.Order.HullKernel (11s)
✔ [8718/8742] Built Mathlib.Topology.Separation.Lemmas (13s)
✔ [8719/8742] Built Mathlib.Topology.Sets.BaseChangeNhds (11s)
✔ [8720/8742] Built Mathlib.Topology.Sets.Order (11s)
✔ [8721/8743] Built Mathlib.Topology.Sheaves.PUnit (12s)
✔ [8722/8743] Built Mathlib.Topology.Separation.PerfectlyNormal (16s)
✔ [8723/8744] Built Mathlib.Topology.Sheaves.EtaleSpace (13s)
✔ [8724/8748] Built Mathlib.Topology.Separation.LinearUpperLowerSetTopology (9.1s)
✔ [8725/8748] Built Mathlib.Topology.Sheaves.LocallySurjective (11s)
✔ [8726/8748] Built Mathlib.Topology.Sheaves.Points (10s)
✔ [8727/8749] Built Mathlib.Topology.Sheaves.MayerVietoris (12s)
✔ [8728/8750] Built Mathlib.Topology.Order.ScottTopology (10s)
✔ [8729/8750] Built Mathlib.Topology.Specialization (10s)
✔ [8730/8750] Built Mathlib.Topology.Sheaves.Alexandrov (12s)
✔ [8731/8750] Built Mathlib.Topology.SmallInductiveDimension (9.0s)
✔ [8732/8752] Built Mathlib.Topology.Sheaves.SheafCondition.EqualizerProducts (17s)
✔ [8733/8755] Built Mathlib.Topology.Sion (14s)
✔ [8734/8756] Built Mathlib.Topology.Spectral.ConstructibleTopology (12s)
✔ [8735/8757] Built Mathlib.Topology.Sheaves.Skyscraper (14s)
✔ [8736/8757] Built Mathlib.Topology.UniformSpace.AbsoluteValue (10s)
✔ [8737/8758] Built Mathlib.Util.AssertNoSorry (3.5s)
✔ [8738/8759] Built Mathlib.Topology.Subpath (13s)
✔ [8739/8759] Built Mathlib.Topology.UniformSpace.Dini (12s)
✔ [8740/8759] Built Mathlib.Topology.OmegaCompletePartialOrder (10s)
✔ [8741/8760] Built Mathlib.Topology.Order.LawsonTopology (11s)
✔ [8742/8763] Built Mathlib.Topology.UniformSpace.Path (11s)
✔ [8743/8766] Built Mathlib.Util.Export (4.7s)
✔ [8744/8766] Built Mathlib.Topology.UniformSpace.Ultra.Basic (10s)
✔ [8746/8768] Built Mathlib.Topology.UniformSpace.OfCompactT2 (14s)
✔ [8747/8789] Built Mathlib.Util.FormatTable (3.4s)
✔ [8795/8847] Built Mathlib.Util.GetAllModules (3.5s)
✔ [9044/9137] Built Mathlib.Util.LongNames (3.4s)
✔ [9098/9312] Built Mathlib.Util.Simp (3.5s)
✔ [9144/9344] Built Mathlib.Util.SleepHeartbeats (5.7s)
✔ [9145/9344] Built Mathlib.Topology.Order.Category.AlexDisc (14s)
✔ [9147/9350] Built Mathlib.Topology.Sheaves.Sheafify (12s)
✔ [9148/9350] Built Mathlib.Topology.UniformSpace.CompareReals (9.9s)
✔ [9149/9350] Built Mathlib.Topology.UniformSpace.Ultra.Constructions (7.7s)
✔ [9150/9350] Built Mathlib.Topology.UniformSpace.Uniformizable (8.6s)
✔ [9151/9350] Built Mathlib.Topology.VectorBundle.ContinuousAlternatingMap (19s)
✔ [9152/9350] Built Mathlib.Topology.Sheaves.Abelian (13s)
✔ [9153/9350] Built Mathlib.Topology.UniformSpace.Ultra.Completion (6.8s)
✔ [9154/9350] Built Mathlib.Topology.Sheaves.AddCommGrpCat (7.6s)
✔ [9155/9350] Built NavierStokes.R3.SpatialSupportScaling (24s)
✔ [9156/9350] Built NavierStokes.R3.SpatialEnergyScaling (28s)
✔ [9157/9350] Built NavierStokes.R3.CompactSchwartz (28s)
✔ [9158/9350] Built NavierStokes.R3.SpatialCauchySchwarz (23s)
✔ [9159/9350] Built NavierStokes.R3.ComparisonFourierSetup (29s)
✔ [9160/9350] Built NavierStokes.R3.ForceL2Norm (22s)
✔ [9161/9350] Built NavierStokes.R3.ViscousEnergyBalance (24s)
✔ [9162/9350] Built NavierStokes.R3.SharpEnergyBound (24s)
✔ [9163/9350] Built NavierStokes.AlignedProfileSpectralCone (32s)
✔ [9164/9350] Built Mathlib.Topology.Sheaves.Flasque (17s)
✔ [9165/9350] Built NavierStokes.R3.ViscosityScaling (14s)
✔ [9166/9350] Built NavierStokes.R3.SchwartzParseval (16s)
✔ [9167/9350] Built NavierStokes.R3.FourierConvolution (16s)
✔ [9168/9350] Built NavierStokes.R3.SchwartzCompactApproximation (17s)
✔ [9169/9350] Built NavierStokes.R3.WeakFourierUniqueness (17s)
✔ [9170/9350] Built NavierStokes.R3.FourierTestDerivatives (18s)
✔ [9171/9350] Built NavierStokes.R3.RieszSymbolRegularity (18s)
✔ [9172/9350] Built NavierStokes.R3.IntegratedDissipation (18s)
✔ [9173/9350] Built NavierStokes.R3.FourierSobolevWeights (20s)
✔ [9174/9350] Built NavierStokes.FinalSlowBase (18s)
✔ [9175/9350] Built Mathlib (26s)
✔ [9176/9350] Built NavierStokes.R3.PressureRecoveryHelpers (15s)
✔ [9177/9350] Built NavierStokes.R3.RieszPairing (14s)
✔ [9178/9350] Built NavierStokes.R3.RieszLinearityDecay (15s)
✔ [9179/9350] Built NavierStokes.R3.RieszHeatRepresentation (16s)
✔ [9180/9350] Built NavierStokes.GlobalBaseError (16s)
✔ [9181/9350] Built NavierStokes.PrimaryGeometryAssembly (17s)
✔ [9182/9350] Built NavierStokes.R3.HarmonicTestFunctionals (18s)
✔ [9183/9350] Built NavierStokes.R3.PressureTestBounds (18s)
✔ [9184/9350] Built NavierStokes.BaseRankPatch (18s)
✔ [9185/9350] Built NavierStokes.SlowBaseEndpoint (18s)
✔ [9186/9350] Built NavierStokes.BaseRadialJets (19s)
✔ [9187/9350] Built NavierStokes.R3.RieszL2Bounds (14s)
✔ [9188/9350] Built NavierStokes.AllBandBaseJets (14s)
✔ [9189/9350] Built NavierStokes.TailGaugePotential (14s)
✔ [9190/9350] Built NavierStokes.R3.PressureFunctionals (16s)
✔ [9191/9350] Built NavierStokes.PrimaryTargetBounds (17s)
✔ [9192/9350] Built NavierStokes.R3.RieszTestOperators (16s)
✔ [9193/9350] Built NavierStokes.ComparatorDefinitions (32s)
✔ [9194/9350] Built NavierStokes.AnnularEndpoint (13s)
✔ [9195/9350] Built NavierStokes.R3.PressureFluxIdentity (13s)
✔ [9196/9350] Built NavierStokes.PhysicalStageBounds (16s)
✔ [9197/9350] Built NavierStokes.BaseContextAssembly (16s)
✔ [9198/9350] Built NavierStokes.PrimaryCopyBounds (19s)
✔ [9199/9350] Built NavierStokes.R3.HeatKernelFourier (16s)
✔ [9200/9350] Built NavierStokes.R3.PressureRecovery (16s)
✔ [9201/9350] Built NavierStokes.ActualBaseVelocityBounds (19s)
✔ [9202/9350] Built NavierStokes.ActualIterationLedger (18s)
✔ [9203/9350] Built NavierStokes.OffplaneCorrectionExtensions (21s)
✔ [9204/9350] Built NavierStokes.BaseStressClasses (18s)
✔ [9205/9350] Built NavierStokes.PhysicalResidualJetBounds (24s)
✔ [9206/9350] Built NavierStokes.ComparatorBridge (30s)
✔ [9207/9350] Built NavierStokes.WaveEdgeExtension (19s)
✔ [9208/9350] Built NavierStokes.R3.ActualPressureFlux (16s)
✔ [9209/9350] Built NavierStokes.R3.HeatKernelCommutator (16s)
✔ [9210/9350] Built NavierStokes.ActualSignedControl (20s)
✔ [9211/9350] Built NavierStokes.MixedDiagonalExtensions (14s)
✔ [9212/9350] Built NavierStokes.DirectAngularDiagonal (14s)
✔ [9213/9350] Built NavierStokes.CommonBaseContext (13s)
✔ [9214/9350] Built NavierStokes.R3.PressureFlux (15s)
✔ [9215/9350] Built NavierStokes.CompactSpatialForceDecay (21s)
✔ [9216/9350] Built NavierStokes.ValidDyadicBandCover (12s)
✔ [9217/9350] Built NavierStokes.MixedPeriodicAssembly (13s)
✔ [9218/9350] Built NavierStokes.MixedAxisPreservation (13s)
✔ [9219/9350] Built NavierStokes.ActualSignedGeometry (19s)
✔ [9220/9350] Built NavierStokes.R3.WholeSpaceUniqueness (14s)
✔ [9221/9350] Built NavierStokes.LocalAngularDiagonal (15s)
✔ [9222/9350] Built NavierStokes.MixedDiagonalResidual (16s)
✔ [9223/9350] Built NavierStokes.CandidateConsequences (17s)
✔ [9224/9350] Built NavierStokes.NativeBandExtension (18s)
✔ [9225/9350] Built NavierStokes.R3.CandidateBreakdown (15s)
✔ [9226/9350] Built NavierStokes.R3CompactCandidate (28s)
✔ [9227/9350] Built NavierStokes.ScaledActualParticularControl (21s)
✔ [9228/9350] Built NavierStokes.ActualSignedPhysicalData (22s)
✔ [9229/9350] Built NavierStokes.MixedCandidateAssembly (14s)
✔ [9230/9350] Built NavierStokes.ActualBaseResidual (45s)
✔ [9231/9350] Built NavierStokes.TemporalStateCoherence (45s)
✔ [9232/9350] Built NavierStokes.FlatDyadicExtension (13s)
✔ [9233/9350] Built NavierStokes.ScaledParticularFrameJets (14s)
✔ [9234/9350] Built NavierStokes.DependentSignedPhysicalFamily (14s)
✔ [9235/9350] Built NavierStokes.CurrentPhysicalChartJets (14s)
✔ [9236/9350] Built NavierStokes.ActualGaussianCoverage (16s)
✔ [9237/9350] Built NavierStokes.MixedCandidateWitness (13s)
✔ [9238/9350] Built NavierStokes.MixedFiniteBackground (13s)
✔ [9239/9350] Built NavierStokes.RankStateCoherence (16s)
✔ [9240/9350] Built NavierStokes.NativeCutoffJets (10s)
✔ [9241/9350] Built NavierStokes.GermCandidateAssembly (10s)
✔ [9242/9350] Built NavierStokes.LabelSupportPreservation (11s)
✔ [9243/9350] Built NavierStokes.InitializedPhysicalBackground (10s)
✔ [9244/9350] Built NavierStokes.ScalarParticularSupport (8.8s)
✔ [9245/9350] Built NavierStokes.CorrectionStep (37s)
✔ [9246/9350] Built NavierStokes.CyclePhysicalPrefixes (12s)
✔ [9247/9350] Built NavierStokes.GaussianErrorNaturality (12s)
✔ [9248/9350] Built NavierStokes.ActualCycleExcluded (14s)
✔ [9249/9350] Built NavierStokes.ActualWaveRegularity (14s)
✔ [9250/9350] Built NavierStokes.CrossBasedMeanComposition (20s)
✔ [9251/9350] Built NavierStokes.ActualParticularRealization (14s)
✔ [9252/9350] Built NavierStokes.CycleStateCoherence (33s)
✔ [9253/9350] Built NavierStokes.CorrectionInitialization (34s)
✔ [9254/9350] Built NavierStokes.ActualPrimaryCoherence (18s)
✔ [9255/9350] Built NavierStokes.ActualPrimaryCovariance (21s)
✔ [9256/9350] Built NavierStokes.ActualMeanPotentialRealization (21s)
✔ [9257/9350] Built NavierStokes.ActualPhaseDefect (21s)
✔ [9258/9350] Built NavierStokes.ActualInitialCoherence (11s)
✔ [9259/9350] Built NavierStokes.ActualPrimaryDynamics (12s)
✔ [9260/9350] Built NavierStokes.ActualPrimaryBounds (14s)
✔ [9261/9350] Built NavierStokes.ActualInitialMeanEquation (12s)
✔ [9262/9350] Built NavierStokes.ActualSignedDynamics (13s)
✔ [9263/9350] Built NavierStokes.ActualParticularBackground (13s)
✔ [9264/9350] Built NavierStokes.InitialNativeRegularity (13s)
✔ [9265/9350] Built NavierStokes.ActualInitialMean (13s)
✔ [9266/9350] Built NavierStokes.ActualPhaseJetBounds (14s)
✔ [9267/9350] Built NavierStokes.CycleMeanEquation (15s)
✔ [9268/9350] Built NavierStokes.ActualInitialExcluded (13s)
✔ [9269/9350] Built NavierStokes.ActualSignedStageControls (22s)
✔ [9270/9350] Built NavierStokes.ActualCarrierGeometry (10s)
✔ [9271/9350] Built NavierStokes.CorrectionAnalyticStep (15s)
✔ [9272/9350] Built NavierStokes.ActualInitialization (12s)
✔ [9273/9350] Built NavierStokes.ActualPolarCoverage (17s)
✔ [9274/9350] Built NavierStokes.PhysicalStageSupport (18s)
✔ [9275/9350] Built NavierStokes.ActualCycleGeometry (18s)
✔ [9276/9350] Built NavierStokes.ActualSignedCoherence (18s)
✔ [9277/9350] Built NavierStokes.ActualCoreSupport (18s)
✔ [9278/9350] Built NavierStokes.ActualCarrierTransportBase (24s)
✔ [9279/9350] Built NavierStokes.ParticularPaddedBackground (24s)
✔ [9280/9350] Built NavierStokes.InitialPhysicalData (25s)
✔ [9281/9350] Built NavierStokes.ActualSignedGaussianCoherence (11s)
✔ [9282/9350] Built NavierStokes.LocalMeanPhysicalBounds (11s)
✔ [9283/9350] Built NavierStokes.ActualSignedPotentialCoherence (11s)
✔ [9284/9350] Built NavierStokes.ActualCycleResidualBounds (13s)
✔ [9285/9350] Built NavierStokes.ActualParticularStageControls (14s)
✔ [9286/9350] Built NavierStokes.ActualExteriorPrefix (12s)
✔ [9287/9350] Built NavierStokes.ActualSignedPhysicalGeometry (13s)
✔ [9288/9350] Built NavierStokes.ActualMeanPhysicalData (33s)
✔ [9289/9350] Built NavierStokes.ActualPhysicalPrefixFields (22s)
✔ [9290/9350] Built NavierStokes.ActualReferenceRebase (35s)
✔ [9291/9350] Built NavierStokes.ActualCycleParameters (36s)
✔ [9292/9350] Built NavierStokes.ActualWaveRegularityData (36s)
✔ [9293/9350] Built NavierStokes.ActualCopySliceRegularity (36s)
✔ [9294/9350] Built NavierStokes.ActualParticularGaussian (36s)
✔ [9295/9350] Built NavierStokes.ActualCurrentCarrierJets (36s)
✔ [9296/9350] Built NavierStokes.ActualParticularDynamics (37s)
✔ [9297/9350] Built NavierStokes.ActualMeanStageData (20s)
✔ [9298/9350] Built NavierStokes.ActualPhysicalStageBounds (21s)
✔ [9299/9350] Built NavierStokes.ActualSignedOutputBounds (21s)
✔ [9300/9350] Built NavierStokes.ActualCarrierTransport (24s)
✔ [9301/9350] Built NavierStokes.ActualSeedPeriodicity (24s)
✔ [9302/9350] Built NavierStokes.ActualWaveCoefficientPeriodicity (24s)
✔ [9303/9350] Built NavierStokes.ActualParticularMeanGain (24s)
✔ [9304/9350] Built NavierStokes.ActualMeanExterior (27s)
✔ [9305/9350] Built NavierStokes.OffplaneJetExtensions (27s)
✔ [9306/9350] Built NavierStokes.ActualSignedMeanBinding (40s)
✔ [9307/9350] Built NavierStokes.ActualParticularCoherence (40s)
✔ [9308/9350] Built NavierStokes.ActualSignedGaussian (43s)
✔ [9309/9350] Built NavierStokes.ActualSignedPhysicalBinding (43s)
✔ [9310/9350] Built NavierStokes.ActualSignedCommonDynamics (26s)
✔ [9311/9350] Built NavierStokes.ActualCyclePeriodicity (23s)
✔ [9312/9350] Built NavierStokes.ActualCandidateConstruction (39s)
✔ [9313/9350] Built NavierStokes.ActualIntermediateDebtBounds (26s)
✔ [9314/9350] Built NavierStokes.ActualCycleAssembly (27s)
✔ [9315/9350] Built NavierStokes.PositiveTimeSignedLocalization (14s)
✔ [9316/9350] Built NavierStokes.ActualSignedExterior (15s)
✔ [9317/9350] Built NavierStokes.ActualParticularPotentialCoherence (18s)
✔ [9318/9350] Built NavierStokes.ActualSignedUnmaskedBounds (16s)
✔ [9319/9350] Built NavierStokes.ActualCycleCoherence (20s)
✔ [9320/9350] Built NavierStokes.CurrentSignedCurl (14s)
✔ [9321/9350] Built NavierStokes.ActualSignedReferenceGeometry (10s)
✔ [9322/9350] Built NavierStokes.ActualSignedNativeProfiles (10s)
✔ [9323/9350] Built NavierStokes.ActualSignedNativeBounds (16s)
✔ [9324/9350] Built NavierStokes.ActualSignedUnmaskedBinding (16s)
✔ [9325/9350] Built NavierStokes.ActualParticularCycleData (19s)
✔ [9326/9350] Built NavierStokes.PositiveTimeSignedData (13s)
✔ [9327/9350] Built NavierStokes.ActualSignedNativeRegularity (12s)
✔ [9328/9350] Built NavierStokes.ActualSignedFamilySupport (9.6s)
✔ [9329/9350] Built NavierStokes.ActualCurrentParticularPhysical (13s)
✔ [9330/9350] Built NavierStokes.ActualCyclePreservation (14s)
✔ [9331/9350] Built NavierStokes.ActualSignedPhysicalZeros (12s)
✔ [9332/9350] Built NavierStokes.ActualCurrentParticularAssembly (11s)
✔ [9333/9350] Built NavierStokes.ActualSignedCurrentSupport (12s)
✔ [9334/9350] Built NavierStokes.ActualStageEstimates (12s)
✔ [9335/9350] Built NavierStokes.CurrentParticularPhysicalCoherence (12s)
✔ [9336/9350] Built NavierStokes.CurrentPhysicalModeGerms (12s)
✔ [9337/9350] Built NavierStokes.ActualCurrentWaveSupport (12s)
✔ [9338/9350] Built NavierStokes.ActualEndpointInputs (10s)
✔ [9339/9350] Built NavierStokes.ActualValidBandWaves (11s)
✔ [9340/9350] Built NavierStokes.CurrentModeGeometry (11s)
✔ [9341/9350] Built NavierStokes.CurrentParticularLabelBounds (11s)
✔ [9342/9350] Built NavierStokes.ActualSignedPhysicalCoherence (14s)
✔ [9343/9350] Built NavierStokes.GermEndpointInputs (9.8s)
✔ [9344/9350] Built NavierStokes.ActualCurrentParticularBounds (10s)
✔ [9345/9350] Built NavierStokes.GluedStageEstimates (9.9s)
✔ [9346/9350] Built NavierStokes.ActualSignedWaveData (9.8s)
✔ [9347/9350] Built NavierStokes.ActualCandidateAssembly (11s)
✔ [9348/9350] Built NavierStokes.R3ActualCandidate (13s)
✔ [9349/9350] Built NavierStokes.R3.ActualCandidate (13s)
✔ [9350/9350] Built NavierStokes.R3.Theorem (13s)
Build completed successfully (9350 jobs).
